retardo_ms,timeout_s,repeticion,codigo_http,latencia_ms
0,1.0,1,201,151.9
0,1.0,1,201,133.9
0,1.0,1,201,136.9
0,1.0,1,201,151.5
0,1.0,1,201,163.0
0,1.0,1,201,223.9
0,1.0,1,201,231.5
0,1.0,1,201,248.4
0,1.0,1,201,212.8
0,1.0,1,201,194.3
0,1.0,1,201,214.4
0,1.0,1,201,378.9
0,1.0,1,201,791.3
0,1.0,1,201,297.6
0,1.0,1,201,507.4
0,1.0,1,201,1344.6
0,1.0,1,201,369.5
0,1.0,1,201,1312.2
0,1.0,1,201,311.4
0,1.0,1,201,1274.9
0,1.0,1,201,340.4
0,1.0,1,201,260.2
0,1.0,1,201,377.0
0,1.0,1,201,311.4
0,1.0,1,201,448.5
0,1.0,1,201,275.6
0,1.0,1,201,414.7
0,1.0,1,201,234.3
0,1.0,1,201,408.6
0,1.0,1,201,258.4
0,1.0,1,201,1285.7
0,1.0,1,201,635.3
0,1.0,1,201,342.0
0,1.0,1,201,1168.5
0,1.0,1,201,558.6
0,1.0,1,201,444.7
0,1.0,1,201,259.4
0,1.0,1,201,468.8
0,1.0,1,201,1366.3
0,1.0,1,201,1211.8
0,1.0,1,201,331.8
0,1.0,1,201,309.2
0,1.0,1,201,480.9
0,1.0,1,201,213.6
0,1.0,1,201,275.5
0,1.0,1,201,582.8
0,1.0,1,201,431.6
0,1.0,1,201,388.9
0,1.0,1,201,400.9
0,1.0,1,201,714.0
0,1.0,1,201,624.3
0,1.0,1,201,170.2
0,1.0,1,201,493.1
0,1.0,1,201,262.4
0,1.0,1,201,169.4
0,1.0,1,201,1240.7
0,1.0,1,201,1239.3
0,1.0,1,201,1151.9
0,1.0,1,201,437.2
0,1.0,1,201,602.0
0,1.0,1,201,1002.7
0,1.0,1,201,462.1
0,1.0,1,201,973.2
0,1.0,1,201,105.5
0,1.0,1,201,132.2
0,1.0,1,201,131.4
0,1.0,1,201,931.2
0,1.0,1,201,912.1
0,1.0,1,201,712.1
0,1.0,1,201,218.4
0,1.0,1,201,231.2
0,1.0,1,201,528.3
0,1.0,1,201,174.6
0,1.0,1,201,902.9
0,1.0,1,201,105.2
0,1.0,1,201,208.0
0,1.0,1,201,341.0
0,1.0,1,201,130.8
0,1.0,1,201,1047.4
0,1.0,1,201,685.6
0,1.0,1,201,753.0
0,1.0,1,201,938.4
0,1.0,1,201,484.9
0,1.0,1,201,137.2
0,1.0,1,201,142.1
0,1.0,1,201,204.7
0,1.0,1,201,228.0
0,1.0,1,201,183.3
0,1.0,1,201,107.2
0,1.0,1,201,151.9
0,1.0,1,201,329.4
0,1.0,1,201,135.7
0,1.0,1,201,911.8
0,1.0,1,201,115.2
0,1.0,1,201,222.5
0,1.0,1,201,175.0
0,1.0,1,201,363.9
0,1.0,1,201,359.8
0,1.0,1,201,719.4
0,1.0,1,201,1075.1
0,1.0,1,201,197.3
0,1.0,1,201,942.7
0,1.0,1,201,223.4
0,1.0,1,201,951.5
0,1.0,1,201,402.2
0,1.0,1,201,210.7
0,1.0,1,201,349.8
0,1.0,1,201,570.7
0,1.0,1,201,790.1
0,1.0,1,201,670.7
0,1.0,1,201,204.3
0,1.0,1,201,593.9
0,1.0,1,201,322.4
0,1.0,1,201,646.5
0,1.0,1,201,217.9
0,1.0,1,201,391.0
0,1.0,1,201,244.9
0,1.0,1,201,433.3
0,1.0,1,201,293.9
0,1.0,1,201,282.9
0,1.0,1,201,222.7
0,1.0,1,201,207.1
0,1.0,1,201,274.6
0,1.0,1,201,291.9
0,1.0,1,201,257.7
0,1.0,1,201,391.5
0,1.0,1,201,192.2
0,1.0,1,201,194.4
0,1.0,1,201,196.6
0,1.0,1,201,219.0
0,1.0,1,201,274.5
0,1.0,1,201,192.6
0,1.0,1,201,187.3
0,1.0,1,201,145.8
0,1.0,1,201,212.9
0,1.0,1,201,272.6
0,1.0,1,201,152.4
0,1.0,1,201,162.2
0,1.0,1,201,81.3
0,1.0,1,201,112.1
0,1.0,1,201,107.7
0,1.0,1,201,116.1
0,1.0,1,201,201.0
0,1.0,1,201,111.1
0,1.0,1,201,88.0
0,1.0,1,201,148.1
0,1.0,1,201,78.0
0,1.0,1,201,120.0
0,1.0,1,201,87.6
0,1.0,1,201,76.9
0,2.0,1,201,236.9
0,2.0,1,201,240.8
0,2.0,1,201,248.9
0,2.0,1,201,1196.4
0,2.0,1,201,241.3
0,2.0,1,201,816.3
0,2.0,1,201,242.3
0,2.0,1,201,281.9
0,2.0,1,201,279.1
0,2.0,1,201,364.5
0,2.0,1,201,251.2
0,2.0,1,201,1139.9
0,2.0,1,201,291.3
0,2.0,1,201,1130.2
0,2.0,1,201,1051.8
0,2.0,1,201,549.4
0,2.0,1,201,951.3
0,2.0,1,201,1069.2
0,2.0,1,201,1215.1
0,2.0,1,201,473.8
0,2.0,1,201,506.6
0,2.0,1,201,538.4
0,2.0,1,201,328.7
0,2.0,1,201,246.9
0,2.0,1,201,1170.3
0,2.0,1,201,591.4
0,2.0,1,201,236.5
0,2.0,1,201,388.0
0,2.0,1,201,326.1
0,2.0,1,201,480.7
0,2.0,1,201,248.1
0,2.0,1,201,1224.5
0,2.0,1,201,251.9
0,2.0,1,201,740.6
0,2.0,1,201,367.5
0,2.0,1,201,631.9
0,2.0,1,201,1135.6
0,2.0,1,201,468.0
0,2.0,1,201,243.5
0,2.0,1,201,262.0
0,2.0,1,201,304.5
0,2.0,1,201,307.3
0,2.0,1,201,545.1
0,2.0,1,201,396.2
0,2.0,1,201,323.8
0,2.0,1,201,870.6
0,2.0,1,201,1047.7
0,2.0,1,201,317.1
0,2.0,1,201,506.2
0,2.0,1,201,525.8
0,2.0,1,201,267.7
0,2.0,1,201,199.6
0,2.0,1,201,1021.9
0,2.0,1,201,517.2
0,2.0,1,201,908.6
0,2.0,1,201,182.9
0,2.0,1,201,807.0
0,2.0,1,201,161.4
0,2.0,1,201,106.0
0,2.0,1,201,164.1
0,2.0,1,201,120.6
0,2.0,1,201,174.3
0,2.0,1,201,1040.2
0,2.0,1,201,721.2
0,2.0,1,201,304.9
0,2.0,1,201,163.7
0,2.0,1,201,554.8
0,2.0,1,201,197.2
0,2.0,1,201,272.7
0,2.0,1,201,273.5
0,2.0,1,201,624.8
0,2.0,1,201,468.7
0,2.0,1,201,805.3
0,2.0,1,201,657.1
0,2.0,1,201,580.6
0,2.0,1,201,155.3
0,2.0,1,201,166.1
0,2.0,1,201,166.7
0,2.0,1,201,219.7
0,2.0,1,201,253.9
0,2.0,1,201,205.1
0,2.0,1,201,794.1
0,2.0,1,201,190.1
0,2.0,1,201,169.5
0,2.0,1,201,193.7
0,2.0,1,201,248.4
0,2.0,1,201,315.8
0,2.0,1,201,141.7
0,2.0,1,201,696.3
0,2.0,1,201,738.8
0,2.0,1,201,622.3
0,2.0,1,201,130.3
0,2.0,1,201,153.5
0,2.0,1,201,355.6
0,2.0,1,201,143.2
0,2.0,1,201,111.0
0,2.0,1,201,159.2
0,2.0,1,201,255.8
0,2.0,1,201,195.1
0,2.0,1,201,180.9
0,2.0,1,201,167.4
0,2.0,1,201,114.6
0,2.0,1,201,193.6
0,2.0,1,201,147.8
0,2.0,1,201,128.6
0,2.0,1,201,239.9
0,2.0,1,201,384.7
0,2.0,1,201,172.5
0,2.0,1,201,246.0
0,2.0,1,201,176.4
0,2.0,1,201,615.8
0,2.0,1,201,255.6
0,2.0,1,201,151.6
0,2.0,1,201,304.6
0,2.0,1,201,233.9
0,2.0,1,201,171.3
0,2.0,1,201,225.5
0,2.0,1,201,505.7
0,2.0,1,201,164.4
0,2.0,1,201,120.8
0,2.0,1,201,129.9
0,2.0,1,201,224.6
0,2.0,1,201,257.7
0,2.0,1,201,347.0
0,2.0,1,201,289.6
0,2.0,1,201,276.9
0,2.0,1,201,554.3
0,2.0,1,201,331.4
0,2.0,1,201,438.6
0,2.0,1,201,229.0
0,2.0,1,201,267.4
0,2.0,1,201,132.5
0,2.0,1,201,201.7
0,2.0,1,201,108.8
0,2.0,1,201,175.4
0,2.0,1,201,158.8
0,2.0,1,201,119.8
0,2.0,1,201,190.7
0,2.0,1,201,182.8
0,2.0,1,201,133.3
0,2.0,1,201,246.6
0,2.0,1,201,257.7
0,2.0,1,201,225.7
0,2.0,1,201,94.4
0,2.0,1,201,144.0
0,2.0,1,201,201.4
0,2.0,1,201,197.0
0,2.0,1,201,130.8
0,2.0,1,201,101.2
0,2.0,1,201,74.4
0,30.0,1,201,141.9
0,30.0,1,201,213.4
0,30.0,1,201,308.7
0,30.0,1,201,226.8
0,30.0,1,201,859.7
0,30.0,1,201,272.5
0,30.0,1,201,220.6
0,30.0,1,201,261.9
0,30.0,1,201,857.5
0,30.0,1,201,337.7
0,30.0,1,201,249.3
0,30.0,1,201,566.6
0,30.0,1,201,264.0
0,30.0,1,201,1042.1
0,30.0,1,201,1143.2
0,30.0,1,201,421.6
0,30.0,1,201,951.7
0,30.0,1,201,250.3
0,30.0,1,201,967.0
0,30.0,1,201,507.2
0,30.0,1,201,380.0
0,30.0,1,201,482.5
0,30.0,1,201,1048.2
0,30.0,1,201,360.0
0,30.0,1,201,319.5
0,30.0,1,201,278.5
0,30.0,1,201,1022.2
0,30.0,1,201,224.3
0,30.0,1,201,820.8
0,30.0,1,201,269.2
0,30.0,1,201,317.0
0,30.0,1,201,224.3
0,30.0,1,201,327.5
0,30.0,1,201,232.5
0,30.0,1,201,215.8
0,30.0,1,201,580.0
0,30.0,1,201,485.4
0,30.0,1,201,227.3
0,30.0,1,201,350.5
0,30.0,1,201,412.8
0,30.0,1,201,425.4
0,30.0,1,201,901.5
0,30.0,1,201,335.3
0,30.0,1,201,1225.5
0,30.0,1,201,580.2
0,30.0,1,201,377.2
0,30.0,1,201,322.0
0,30.0,1,201,996.0
0,30.0,1,201,426.3
0,30.0,1,201,307.1
0,30.0,1,201,318.2
0,30.0,1,201,150.4
0,30.0,1,201,306.0
0,30.0,1,201,757.9
0,30.0,1,201,616.5
0,30.0,1,201,872.8
0,30.0,1,201,310.6
0,30.0,1,201,349.8
0,30.0,1,201,160.0
0,30.0,1,201,144.9
0,30.0,1,201,613.0
0,30.0,1,201,112.2
0,30.0,1,201,475.5
0,30.0,1,201,140.9
0,30.0,1,201,247.0
0,30.0,1,201,291.3
0,30.0,1,201,134.0
0,30.0,1,201,88.5
0,30.0,1,201,185.4
0,30.0,1,201,141.3
0,30.0,1,201,279.1
0,30.0,1,201,549.5
0,30.0,1,201,125.4
0,30.0,1,201,141.8
0,30.0,1,201,204.7
0,30.0,1,201,421.6
0,30.0,1,201,112.1
0,30.0,1,201,285.5
0,30.0,1,201,552.1
0,30.0,1,201,631.3
0,30.0,1,201,303.2
0,30.0,1,201,146.8
0,30.0,1,201,184.9
0,30.0,1,201,85.3
0,30.0,1,201,119.9
0,30.0,1,201,254.9
0,30.0,1,201,167.8
0,30.0,1,201,198.3
0,30.0,1,201,299.1
0,30.0,1,201,113.6
0,30.0,1,201,509.1
0,30.0,1,201,137.7
0,30.0,1,201,493.4
0,30.0,1,201,155.1
0,30.0,1,201,269.8
0,30.0,1,201,312.0
0,30.0,1,201,159.3
0,30.0,1,201,214.6
0,30.0,1,201,132.0
0,30.0,1,201,112.7
0,30.0,1,201,287.7
0,30.0,1,201,132.3
0,30.0,1,201,118.8
0,30.0,1,201,139.4
0,30.0,1,201,270.9
0,30.0,1,201,126.2
0,30.0,1,201,591.5
0,30.0,1,201,90.4
0,30.0,1,201,120.3
0,30.0,1,201,413.1
0,30.0,1,201,83.2
0,30.0,1,201,393.5
0,30.0,1,201,403.2
0,30.0,1,201,100.5
0,30.0,1,201,405.8
0,30.0,1,201,93.3
0,30.0,1,201,132.4
0,30.0,1,201,84.0
0,30.0,1,201,698.3
0,30.0,1,201,249.3
0,30.0,1,201,116.1
0,30.0,1,201,82.8
0,30.0,1,201,138.6
0,30.0,1,201,90.3
0,30.0,1,201,201.8
0,30.0,1,201,249.8
0,30.0,1,201,149.7
0,30.0,1,201,81.2
0,30.0,1,201,116.4
0,30.0,1,201,76.6
0,30.0,1,201,118.9
0,30.0,1,201,107.2
0,30.0,1,201,260.9
0,30.0,1,201,127.5
0,30.0,1,201,154.2
0,30.0,1,201,116.6
0,30.0,1,201,90.7
0,30.0,1,201,193.0
0,30.0,1,201,196.3
0,30.0,1,201,139.1
0,30.0,1,201,147.7
0,30.0,1,201,139.0
0,30.0,1,201,140.5
0,30.0,1,201,154.4
0,30.0,1,201,66.5
0,30.0,1,201,47.2
0,30.0,1,201,85.9
0,30.0,1,201,149.1
0,30.0,1,201,47.0
0,30.0,1,201,53.2
500,1.0,1,201,1083.6
500,1.0,1,201,1084.0
500,1.0,1,503,1134.9
500,1.0,1,201,1084.0
500,1.0,1,503,1140.0
500,1.0,1,503,1148.6
500,1.0,1,201,1084.0
500,1.0,1,201,1104.4
500,1.0,1,201,1090.4
500,1.0,1,503,1142.3
500,1.0,1,503,1118.2
500,1.0,1,201,1092.3
500,1.0,1,503,1157.6
500,1.0,1,503,1146.2
500,1.0,1,503,1147.3
500,1.0,1,503,1157.8
500,1.0,1,503,1152.6
500,1.0,1,503,1124.7
500,1.0,1,503,1123.1
500,1.0,1,503,1155.1
500,1.0,1,503,1127.8
500,1.0,1,201,1078.7
500,1.0,1,503,1119.1
500,1.0,1,503,1115.4
500,1.0,1,503,1137.1
500,1.0,1,503,1162.5
500,1.0,1,503,1109.2
500,1.0,1,503,1127.9
500,1.0,1,201,1074.1
500,1.0,1,503,1161.5
500,1.0,1,503,1140.7
500,1.0,1,503,1139.8
500,1.0,1,503,1137.2
500,1.0,1,201,1089.4
500,1.0,1,201,1083.2
500,1.0,1,503,1117.6
500,1.0,1,201,1083.7
500,1.0,1,201,1073.0
500,1.0,1,503,1151.9
500,1.0,1,503,1127.8
500,1.0,1,503,1658.5
500,1.0,1,503,1564.2
500,1.0,1,503,1644.0
500,1.0,1,503,1569.5
500,1.0,1,503,1645.6
500,1.0,1,503,1571.5
500,1.0,1,503,1641.0
500,1.0,1,503,1612.5
500,1.0,1,503,1651.6
500,1.0,1,503,1621.6
500,1.0,1,503,1032.4
500,1.0,1,503,1032.9
500,1.0,1,503,1031.9
500,1.0,1,503,1046.4
500,1.0,1,503,1051.4
500,1.0,1,503,1059.6
500,1.0,1,503,1058.2
500,1.0,1,503,1059.8
500,1.0,1,503,1057.7
500,1.0,1,503,1057.4
500,1.0,1,503,1085.0
500,1.0,1,503,1087.0
500,1.0,1,503,1106.0
500,1.0,1,503,1111.6
500,1.0,1,503,1097.1
500,1.0,1,503,1103.8
500,1.0,1,503,1116.5
500,1.0,1,503,1093.2
500,1.0,1,503,1094.9
500,1.0,1,503,1097.0
500,1.0,1,503,1112.0
500,1.0,1,503,1115.9
500,1.0,1,503,1449.0
500,1.0,1,503,1109.9
500,1.0,1,503,1525.7
500,1.0,1,503,1090.4
500,1.0,1,503,1096.5
500,1.0,1,503,1101.7
500,1.0,1,503,1097.8
500,1.0,1,503,1522.8
500,1.0,1,503,1086.6
500,1.0,1,503,1086.9
500,1.0,1,503,1486.1
500,1.0,1,503,1087.0
500,1.0,1,503,1432.6
500,1.0,1,503,1485.5
500,1.0,1,503,1504.6
500,1.0,1,503,1513.7
500,1.0,1,503,1424.9
500,1.0,1,503,1504.8
500,1.0,1,503,1548.2
500,1.0,1,503,1541.3
500,1.0,1,503,1544.6
500,1.0,1,503,1508.6
500,1.0,1,503,1485.5
500,1.0,1,503,1487.7
500,1.0,1,503,1488.8
500,1.0,1,503,1495.2
500,1.0,1,503,1488.2
500,1.0,1,503,1481.7
500,1.0,1,503,1074.0
500,1.0,1,503,1079.4
500,1.0,1,503,1101.2
500,1.0,1,503,1100.7
500,1.0,1,503,1093.0
500,1.0,1,503,1094.7
500,1.0,1,503,1094.7
500,1.0,1,503,1100.1
500,1.0,1,503,1095.1
500,1.0,1,503,1094.8
500,1.0,1,503,1069.7
500,1.0,1,503,1067.6
500,1.0,1,503,1061.7
500,1.0,1,503,1064.1
500,1.0,1,503,1057.7
500,1.0,1,503,1052.2
500,1.0,1,503,1050.6
500,1.0,1,503,1053.2
500,1.0,1,503,1051.3
500,1.0,1,503,1048.0
500,1.0,1,503,1360.4
500,1.0,1,503,1403.8
500,1.0,1,503,1349.4
500,1.0,1,503,1359.0
500,1.0,1,503,1429.2
500,1.0,1,503,1405.3
500,1.0,1,503,1426.6
500,1.0,1,503,1443.5
500,1.0,1,503,1431.3
500,1.0,1,503,1433.4
500,1.0,1,503,1560.4
500,1.0,1,503,1556.8
500,1.0,1,503,1553.1
500,1.0,1,503,1511.7
500,1.0,1,503,1504.0
500,1.0,1,503,1485.3
500,1.0,1,503,1487.9
500,1.0,1,503,1488.6
500,1.0,1,503,1489.1
500,1.0,1,503,1487.1
500,1.0,1,503,1063.9
500,1.0,1,503,1069.1
500,1.0,1,503,1090.1
500,1.0,1,503,1100.4
500,1.0,1,503,1095.1
500,1.0,1,503,1095.5
500,1.0,1,503,1103.9
500,1.0,1,503,1088.1
500,1.0,1,503,1090.8
500,1.0,1,503,1093.0
500,2.0,1,201,1077.7
500,2.0,1,201,1078.5
500,2.0,1,201,1079.4
500,2.0,1,201,1086.0
500,2.0,1,201,1087.3
500,2.0,1,201,1581.2
500,2.0,1,201,1090.4
500,2.0,1,201,1091.2
500,2.0,1,201,1092.8
500,2.0,1,201,1087.5
500,2.0,1,201,1637.0
500,2.0,1,201,1076.5
500,2.0,1,201,1080.8
500,2.0,1,201,1077.6
500,2.0,1,201,1149.2
500,2.0,1,201,1577.3
500,2.0,1,201,1632.1
500,2.0,1,201,1638.0
500,2.0,1,201,1635.9
500,2.0,1,201,1629.5
500,2.0,1,201,1573.8
500,2.0,1,201,1627.2
500,2.0,1,503,2137.8
500,2.0,1,201,1646.3
500,2.0,1,503,2135.1
500,2.0,1,201,2138.4
500,2.0,1,503,2136.4
500,2.0,1,503,2131.5
500,2.0,1,201,1710.9
500,2.0,1,201,2075.3
500,2.0,1,201,2074.6
500,2.0,1,201,2128.0
500,2.0,1,201,2125.2
500,2.0,1,503,2617.0
500,2.0,1,503,2132.8
500,2.0,1,201,2138.9
500,2.0,1,503,2621.4
500,2.0,1,503,2121.0
500,2.0,1,201,2137.3
500,2.0,1,503,2554.1
500,2.0,1,503,2641.1
500,2.0,1,503,2126.7
500,2.0,1,201,1628.1
500,2.0,1,201,2143.7
500,2.0,1,503,2620.5
500,2.0,1,503,2623.3
500,2.0,1,503,2553.3
500,2.0,1,503,2612.0
500,2.0,1,503,2629.8
500,2.0,1,503,2626.4
500,2.0,1,503,2032.1
500,2.0,1,503,2029.9
500,2.0,1,503,2090.3
500,2.0,1,503,2058.8
500,2.0,1,503,2060.5
500,2.0,1,503,2062.7
500,2.0,1,503,2067.6
500,2.0,1,503,2072.1
500,2.0,1,503,2069.0
500,2.0,1,503,2075.5
500,2.0,1,503,2489.3
500,2.0,1,503,2492.1
500,2.0,1,503,2513.2
500,2.0,1,503,2087.6
500,2.0,1,503,2088.4
500,2.0,1,201,2504.6
500,2.0,1,503,2091.5
500,2.0,1,503,2115.2
500,2.0,1,503,2135.2
500,2.0,1,503,2159.1
500,2.0,1,503,2440.2
500,2.0,1,503,2448.6
500,2.0,1,503,2506.9
500,2.0,1,503,2515.9
500,2.0,1,503,2450.9
500,2.0,1,503,2092.9
500,2.0,1,503,2088.8
500,2.0,1,503,2043.9
500,2.0,1,503,2039.1
500,2.0,1,503,2038.4
500,2.0,1,503,2437.9
500,2.0,1,503,2492.7
500,2.0,1,503,2435.1
500,2.0,1,503,2489.0
500,2.0,1,503,2495.3
500,2.0,1,503,2502.1
500,2.0,1,503,2497.3
500,2.0,1,503,2502.4
500,2.0,1,503,2499.9
500,2.0,1,503,2503.2
500,2.0,1,503,2544.6
500,2.0,1,503,2541.6
500,2.0,1,503,2509.4
500,2.0,1,503,2511.7
500,2.0,1,503,2514.2
500,2.0,1,503,2516.0
500,2.0,1,503,2519.5
500,2.0,1,503,2518.9
500,2.0,1,503,2517.0
500,2.0,1,503,2513.5
500,2.0,1,503,2482.0
500,2.0,1,503,2482.4
500,2.0,1,503,2617.2
500,2.0,1,503,2532.7
500,2.0,1,503,2529.6
500,2.0,1,503,2525.7
500,2.0,1,503,2574.4
500,2.0,1,503,2674.3
500,2.0,1,503,2635.6
500,2.0,1,503,2608.9
500,2.0,1,503,2514.3
500,2.0,1,503,2504.3
500,2.0,1,503,2493.3
500,2.0,1,503,2506.6
500,2.0,1,503,2509.0
500,2.0,1,503,2466.0
500,2.0,1,503,2441.0
500,2.0,1,503,2422.5
500,2.0,1,503,2395.9
500,2.0,1,503,2115.6
500,2.0,1,503,2499.1
500,2.0,1,503,2493.9
500,2.0,1,503,2485.0
500,2.0,1,503,2469.7
500,2.0,1,503,2498.2
500,2.0,1,503,2476.3
500,2.0,1,503,2478.6
500,2.0,1,503,2478.4
500,2.0,1,503,2479.2
500,2.0,1,503,2478.4
500,2.0,1,503,2540.9
500,2.0,1,503,2540.8
500,2.0,1,503,2521.2
500,2.0,1,503,2507.9
500,2.0,1,503,2514.3
500,2.0,1,503,2513.6
500,2.0,1,503,2524.0
500,2.0,1,503,2512.9
500,2.0,1,503,2524.9
500,2.0,1,503,2514.5
500,2.0,1,503,2475.6
500,2.0,1,503,2476.3
500,2.0,1,503,2536.6
500,2.0,1,503,2538.1
500,2.0,1,503,2531.7
500,2.0,1,503,2578.2
500,2.0,1,503,2594.8
500,2.0,1,503,2612.2
500,2.0,1,503,2635.3
500,2.0,1,503,2663.4
500,30.0,1,201,1049.2
500,30.0,1,201,1064.1
500,30.0,1,201,1049.5
500,30.0,1,201,1056.2
500,30.0,1,201,1062.1
500,30.0,1,201,1059.6
500,30.0,1,201,1050.2
500,30.0,1,201,1148.0
500,30.0,1,201,1061.6
500,30.0,1,201,1142.1
500,30.0,1,201,1046.0
500,30.0,1,201,1137.2
500,30.0,1,201,1047.6
500,30.0,1,201,1138.7
500,30.0,1,201,1142.0
500,30.0,1,201,1047.4
500,30.0,1,201,2552.7
500,30.0,1,201,2144.1
500,30.0,1,201,2125.8
500,30.0,1,201,2045.8
500,30.0,1,201,2150.5
500,30.0,1,201,2121.0
500,30.0,1,201,1604.5
500,30.0,1,201,1143.0
500,30.0,1,201,1539.5
500,30.0,1,201,1596.6
500,30.0,1,201,1138.8
500,30.0,1,201,2041.4
500,30.0,1,201,2548.9
500,30.0,1,201,2122.9
500,30.0,1,201,1710.4
500,30.0,1,201,2041.6
500,30.0,1,201,2128.3
500,30.0,1,201,1707.4
500,30.0,1,201,1599.2
500,30.0,1,201,1708.5
500,30.0,1,201,2545.0
500,30.0,1,201,2731.2
500,30.0,1,201,2541.2
500,30.0,1,201,2732.1
500,30.0,1,201,1659.9
500,30.0,1,201,2720.8
500,30.0,1,201,2727.0
500,30.0,1,201,2544.0
500,30.0,1,201,1703.5
500,30.0,1,201,2731.1
500,30.0,1,201,2717.5
500,30.0,1,201,3140.5
500,30.0,1,201,3142.5
500,30.0,1,201,3142.5
500,30.0,1,201,2124.5
500,30.0,1,201,2124.7
500,30.0,1,201,2200.8
500,30.0,1,201,2200.3
500,30.0,1,201,2701.6
500,30.0,1,201,2323.5
500,30.0,1,201,2323.0
500,30.0,1,201,2319.6
500,30.0,1,201,2693.5
500,30.0,1,201,2314.9
500,30.0,1,201,2692.1
500,30.0,1,201,2616.9
500,30.0,1,201,2660.7
500,30.0,1,201,2611.9
500,30.0,1,201,2742.3
500,30.0,1,201,2658.2
500,30.0,1,201,2745.8
500,30.0,1,201,2744.4
500,30.0,1,201,2349.6
500,30.0,1,201,2651.9
500,30.0,1,201,2648.3
500,30.0,1,201,2647.4
500,30.0,1,201,2586.0
500,30.0,1,201,2699.5
500,30.0,1,201,2692.7
500,30.0,1,201,2689.3
500,30.0,1,201,2687.1
500,30.0,1,201,2214.3
500,30.0,1,201,2261.6
500,30.0,1,201,2260.4
500,30.0,1,201,2699.3
500,30.0,1,201,2690.5
500,30.0,1,201,2761.1
500,30.0,1,201,2685.1
500,30.0,1,201,2686.4
500,30.0,1,201,2673.9
500,30.0,1,201,2327.6
500,30.0,1,201,2530.8
500,30.0,1,201,2534.3
500,30.0,1,201,2532.7
500,30.0,1,201,2533.8
500,30.0,1,201,2584.7
500,30.0,1,201,2586.2
500,30.0,1,201,2580.5
500,30.0,1,201,2580.9
500,30.0,1,201,2581.0
500,30.0,1,201,2649.8
500,30.0,1,201,2240.2
500,30.0,1,201,2527.5
500,30.0,1,201,2527.9
500,30.0,1,201,2528.7
500,30.0,1,201,2525.3
500,30.0,1,201,2643.9
500,30.0,1,201,2644.5
500,30.0,1,201,2519.7
500,30.0,1,201,2520.5
500,30.0,1,201,2522.1
500,30.0,1,201,2539.2
500,30.0,1,201,2165.7
500,30.0,1,201,2344.2
500,30.0,1,201,2344.0
500,30.0,1,201,2443.4
500,30.0,1,201,2520.6
500,30.0,1,201,2533.9
500,30.0,1,201,2481.0
500,30.0,1,201,2455.6
500,30.0,1,201,2521.1
500,30.0,1,201,2503.5
500,30.0,1,201,2539.5
500,30.0,1,201,2188.1
500,30.0,1,201,2352.9
500,30.0,1,201,2443.8
500,30.0,1,201,2523.5
500,30.0,1,201,2526.2
500,30.0,1,201,2535.5
500,30.0,1,201,2523.4
500,30.0,1,201,2514.9
500,30.0,1,201,2537.1
500,30.0,1,201,2491.9
500,30.0,1,201,2518.8
500,30.0,1,201,2297.6
500,30.0,1,201,2382.2
500,30.0,1,201,2470.8
500,30.0,1,201,2476.5
500,30.0,1,201,2516.8
500,30.0,1,201,2477.2
500,30.0,1,201,2519.0
500,30.0,1,201,2340.3
500,30.0,1,201,2370.2
500,30.0,1,201,2358.5
500,30.0,1,201,2534.2
500,30.0,1,201,2397.0
500,30.0,1,201,2477.7
500,30.0,1,201,2486.5
500,30.0,1,201,2540.5
500,30.0,1,201,2545.0
500,30.0,1,201,2517.1
500,30.0,1,201,2532.8
500,30.0,1,201,2264.8
500,30.0,1,201,2276.0
1000,1.0,1,503,1070.0
1000,1.0,1,503,1077.5
1000,1.0,1,503,1084.2
1000,1.0,1,503,1090.5
1000,1.0,1,503,1099.2
1000,1.0,1,503,1095.5
1000,1.0,1,503,1125.0
1000,1.0,1,503,1103.3
1000,1.0,1,503,1128.8
1000,1.0,1,503,1133.3
1000,1.0,1,503,1131.7
1000,1.0,1,503,1120.3
1000,1.0,1,503,1123.7
1000,1.0,1,503,1115.7
1000,1.0,1,503,1130.5
1000,1.0,1,503,1142.4
1000,1.0,1,503,1127.4
1000,1.0,1,503,1173.4
1000,1.0,1,503,1150.0
1000,1.0,1,503,1164.5
1000,1.0,1,503,1159.5
1000,1.0,1,503,1157.9
1000,1.0,1,503,1158.4
1000,1.0,1,503,1140.3
1000,1.0,1,503,1167.2
1000,1.0,1,503,1133.7
1000,1.0,1,503,1146.3
1000,1.0,1,503,1163.3
1000,1.0,1,503,1147.5
1000,1.0,1,503,1154.4
1000,1.0,1,503,1162.7
1000,1.0,1,503,1161.3
1000,1.0,1,503,1142.4
1000,1.0,1,503,1147.9
1000,1.0,1,503,1131.2
1000,1.0,1,503,1150.7
1000,1.0,1,503,1135.6
1000,1.0,1,503,1161.5
1000,1.0,1,503,1144.7
1000,1.0,1,503,1152.8
1000,1.0,1,503,2050.4
1000,1.0,1,503,2056.7
1000,1.0,1,503,2063.6
1000,1.0,1,503,2084.4
1000,1.0,1,503,2067.7
1000,1.0,1,503,2111.2
1000,1.0,1,503,2072.6
1000,1.0,1,503,2101.6
1000,1.0,1,503,2078.0
1000,1.0,1,503,2108.1
1000,1.0,1,503,1158.5
1000,1.0,1,503,1171.0
1000,1.0,1,503,1176.0
1000,1.0,1,503,1160.5
1000,1.0,1,503,1142.4
1000,1.0,1,503,1141.9
1000,1.0,1,503,1137.9
1000,1.0,1,503,1139.8
1000,1.0,1,503,1131.8
1000,1.0,1,503,1111.8
1000,1.0,1,503,1134.8
1000,1.0,1,503,1151.1
1000,1.0,1,503,1130.5
1000,1.0,1,503,1149.3
1000,1.0,1,503,1141.9
1000,1.0,1,503,1159.2
1000,1.0,1,503,1150.7
1000,1.0,1,503,1137.4
1000,1.0,1,503,1133.8
1000,1.0,1,503,1133.5
1000,1.0,1,503,1135.5
1000,1.0,1,503,1124.7
1000,1.0,1,503,1140.1
1000,1.0,1,503,1916.4
1000,1.0,1,503,1132.0
1000,1.0,1,503,1108.2
1000,1.0,1,503,1917.0
1000,1.0,1,503,1117.3
1000,1.0,1,503,1121.2
1000,1.0,1,503,1122.1
1000,1.0,1,503,1128.6
1000,1.0,1,503,1119.5
1000,1.0,1,503,1937.0
1000,1.0,1,503,1917.3
1000,1.0,1,503,1954.4
1000,1.0,1,503,1918.7
1000,1.0,1,503,1962.3
1000,1.0,1,503,1933.7
1000,1.0,1,503,1961.5
1000,1.0,1,503,1920.3
1000,1.0,1,503,1181.8
1000,1.0,1,503,1182.3
1000,1.0,1,503,1178.7
1000,1.0,1,503,1173.7
1000,1.0,1,503,1169.9
1000,1.0,1,503,1169.8
1000,1.0,1,503,1172.2
1000,1.0,1,503,1159.4
1000,1.0,1,503,1155.4
1000,1.0,1,503,1156.5
1000,1.0,1,503,1078.8
1000,1.0,1,503,1121.2
1000,1.0,1,503,1127.2
1000,1.0,1,503,1130.8
1000,1.0,1,503,1141.3
1000,1.0,1,503,1109.7
1000,1.0,1,503,1116.2
1000,1.0,1,503,1107.9
1000,1.0,1,503,1123.5
1000,1.0,1,503,1113.1
1000,1.0,1,503,1122.7
1000,1.0,1,503,1120.1
1000,1.0,1,503,1114.2
1000,1.0,1,503,1099.3
1000,1.0,1,503,1104.5
1000,1.0,1,503,1103.7
1000,1.0,1,503,1797.6
1000,1.0,1,503,1094.0
1000,1.0,1,503,1101.8
1000,1.0,1,503,1095.6
1000,1.0,1,503,1097.7
1000,1.0,1,503,1805.8
1000,1.0,1,503,1798.1
1000,1.0,1,503,1827.4
1000,1.0,1,503,1855.3
1000,1.0,1,503,1806.1
1000,1.0,1,503,1840.6
1000,1.0,1,503,1809.0
1000,1.0,1,503,1815.2
1000,1.0,1,503,1846.8
1000,1.0,1,503,1218.1
1000,1.0,1,503,1217.3
1000,1.0,1,503,1217.3
1000,1.0,1,503,1203.6
1000,1.0,1,503,1205.7
1000,1.0,1,503,1204.9
1000,1.0,1,503,1203.6
1000,1.0,1,503,1186.6
1000,1.0,1,503,1174.5
1000,1.0,1,503,1176.7
1000,1.0,1,503,1064.3
1000,1.0,1,503,1117.2
1000,1.0,1,503,1116.1
1000,1.0,1,503,1113.6
1000,1.0,1,503,1112.9
1000,1.0,1,503,1120.7
1000,1.0,1,503,1116.1
1000,1.0,1,503,1111.0
1000,1.0,1,503,1108.9
1000,1.0,1,503,1106.2
1000,2.0,1,201,2096.9
1000,2.0,1,201,2097.4
1000,2.0,1,201,2100.2
1000,2.0,1,201,2097.4
1000,2.0,1,201,2101.0
1000,2.0,1,201,2097.7
1000,2.0,1,201,2103.6
1000,2.0,1,201,2181.2
1000,2.0,1,201,2110.6
1000,2.0,1,201,2108.2
1000,2.0,1,503,2175.9
1000,2.0,1,201,2112.0
1000,2.0,1,201,2204.2
1000,2.0,1,503,2174.3
1000,2.0,1,201,2221.7
1000,2.0,1,201,2098.7
1000,2.0,1,503,2226.9
1000,2.0,1,503,2221.8
1000,2.0,1,201,2230.1
1000,2.0,1,503,2203.3
1000,2.0,1,201,2232.3
1000,2.0,1,503,2172.6
1000,2.0,1,201,2225.8
1000,2.0,1,503,2211.0
1000,2.0,1,503,2198.2
1000,2.0,1,503,2206.5
1000,2.0,1,503,2183.7
1000,2.0,1,503,2198.1
1000,2.0,1,503,2191.0
1000,2.0,1,503,2179.1
1000,2.0,1,201,2231.6
1000,2.0,1,503,2194.6
1000,2.0,1,503,2212.0
1000,2.0,1,503,2207.3
1000,2.0,1,503,2171.0
1000,2.0,1,201,2111.0
1000,2.0,1,503,2207.3
1000,2.0,1,503,2210.9
1000,2.0,1,201,2211.1
1000,2.0,1,503,3157.4
1000,2.0,1,503,2192.8
1000,2.0,1,503,3064.1
1000,2.0,1,503,3088.8
1000,2.0,1,503,3110.4
1000,2.0,1,503,3119.7
1000,2.0,1,503,3106.2
1000,2.0,1,503,3091.9
1000,2.0,1,503,3146.8
1000,2.0,1,503,3142.1
1000,2.0,1,503,3103.9
1000,2.0,1,503,2043.8
1000,2.0,1,503,2056.2
1000,2.0,1,503,2049.0
1000,2.0,1,503,2066.3
1000,2.0,1,503,2060.0
1000,2.0,1,503,2064.6
1000,2.0,1,503,2065.5
1000,2.0,1,503,2087.0
1000,2.0,1,503,2091.3
1000,2.0,1,503,2098.8
1000,2.0,1,503,2093.7
1000,2.0,1,503,2162.8
1000,2.0,1,503,2115.4
1000,2.0,1,503,2126.7
1000,2.0,1,503,2132.4
1000,2.0,1,503,2149.0
1000,2.0,1,503,2152.2
1000,2.0,1,503,2101.8
1000,2.0,1,503,2136.1
1000,2.0,1,503,2125.3
1000,2.0,1,503,2109.6
1000,2.0,1,503,2137.4
1000,2.0,1,503,2111.4
1000,2.0,1,503,2145.0
1000,2.0,1,503,2111.8
1000,2.0,1,503,2123.9
1000,2.0,1,503,2934.6
1000,2.0,1,503,2132.3
1000,2.0,1,503,2871.6
1000,2.0,1,503,2124.7
1000,2.0,1,503,2128.4
1000,2.0,1,503,2108.0
1000,2.0,1,503,2918.4
1000,2.0,1,503,2911.0
1000,2.0,1,503,2887.0
1000,2.0,1,503,2892.8
1000,2.0,1,503,2947.3
1000,2.0,1,503,2954.0
1000,2.0,1,503,2937.6
1000,2.0,1,503,2897.9
1000,2.0,1,503,3099.3
1000,2.0,1,503,3075.7
1000,2.0,1,503,3072.0
1000,2.0,1,503,3071.2
1000,2.0,1,503,3065.4
1000,2.0,1,503,3068.5
1000,2.0,1,503,3058.0
1000,2.0,1,503,3048.1
1000,2.0,1,503,3031.4
1000,2.0,1,503,3039.8
1000,2.0,1,503,2161.4
1000,2.0,1,503,2090.7
1000,2.0,1,503,2167.6
1000,2.0,1,503,2162.7
1000,2.0,1,503,2168.5
1000,2.0,1,503,2176.6
1000,2.0,1,503,2185.9
1000,2.0,1,503,2181.6
1000,2.0,1,503,2186.8
1000,2.0,1,503,2181.9
1000,2.0,1,503,2183.5
1000,2.0,1,503,2138.5
1000,2.0,1,503,2133.4
1000,2.0,1,503,2137.7
1000,2.0,1,503,2126.5
1000,2.0,1,503,2128.1
1000,2.0,1,503,2126.9
1000,2.0,1,503,2119.1
1000,2.0,1,503,2112.0
1000,2.0,1,503,2828.4
1000,2.0,1,503,2769.6
1000,2.0,1,503,2107.8
1000,2.0,1,503,2821.7
1000,2.0,1,503,2790.5
1000,2.0,1,503,2803.2
1000,2.0,1,503,2845.1
1000,2.0,1,503,2847.3
1000,2.0,1,503,2768.3
1000,2.0,1,503,2804.5
1000,2.0,1,503,2825.6
1000,2.0,1,503,3155.4
1000,2.0,1,201,3123.1
1000,2.0,1,201,3102.7
1000,2.0,1,201,3079.0
1000,2.0,1,201,3079.6
1000,2.0,1,503,3110.2
1000,2.0,1,503,3095.5
1000,2.0,1,503,3079.6
1000,2.0,1,503,3071.4
1000,2.0,1,503,3064.9
1000,2.0,1,503,2133.5
1000,2.0,1,503,2069.1
1000,2.0,1,503,2108.8
1000,2.0,1,503,2174.7
1000,2.0,1,503,2128.4
1000,2.0,1,503,2118.4
1000,2.0,1,503,2137.0
1000,2.0,1,503,2149.3
1000,2.0,1,503,2170.9
1000,2.0,1,503,2171.0
1000,30.0,1,201,2055.0
1000,30.0,1,201,2056.3
1000,30.0,1,201,2058.1
1000,30.0,1,201,2059.2
1000,30.0,1,201,2062.9
1000,30.0,1,201,2063.3
1000,30.0,1,201,2070.1
1000,30.0,1,201,2079.1
1000,30.0,1,201,3097.4
1000,30.0,1,201,3093.2
1000,30.0,1,201,2073.6
1000,30.0,1,201,3181.0
1000,30.0,1,201,2098.9
1000,30.0,1,201,3075.2
1000,30.0,1,201,3089.9
1000,30.0,1,201,2079.4
1000,30.0,1,201,3076.5
1000,30.0,1,201,4184.3
1000,30.0,1,201,3128.0
1000,30.0,1,201,2081.9
1000,30.0,1,201,4177.2
1000,30.0,1,201,4152.1
1000,30.0,1,201,5169.0
1000,30.0,1,201,2207.3
1000,30.0,1,201,2070.9
1000,30.0,1,201,3069.0
1000,30.0,1,201,3065.0
1000,30.0,1,201,2206.1
1000,30.0,1,201,4165.2
1000,30.0,1,201,4230.9
1000,30.0,1,201,5160.6
1000,30.0,1,201,4230.4
1000,30.0,1,201,2202.1
1000,30.0,1,201,4139.6
1000,30.0,1,201,4150.7
1000,30.0,1,201,4179.8
1000,30.0,1,201,4138.3
1000,30.0,1,201,3198.9
1000,30.0,1,201,3156.5
1000,30.0,1,201,5217.2
1000,30.0,1,201,4206.3
1000,30.0,1,201,5153.8
1000,30.0,1,201,5232.1
1000,30.0,1,201,5214.9
1000,30.0,1,201,5149.9
1000,30.0,1,201,5228.4
1000,30.0,1,201,5160.9
1000,30.0,1,201,5148.1
1000,30.0,1,201,6218.3
1000,30.0,1,201,5158.7
1000,30.0,1,201,4211.2
1000,30.0,1,201,4219.2
1000,30.0,1,201,4214.3
1000,30.0,1,201,4207.5
1000,30.0,1,201,4217.3
1000,30.0,1,201,4228.6
1000,30.0,1,201,4535.7
1000,30.0,1,201,4527.0
1000,30.0,1,201,4574.7
1000,30.0,1,201,5270.4
1000,30.0,1,201,4571.2
1000,30.0,1,201,5264.0
1000,30.0,1,201,5254.2
1000,30.0,1,201,5139.6
1000,30.0,1,201,5140.5
1000,30.0,1,201,5141.3
1000,30.0,1,201,4531.2
1000,30.0,1,201,4289.1
1000,30.0,1,201,4529.9
1000,30.0,1,201,4999.0
1000,30.0,1,201,4994.0
1000,30.0,1,201,5303.9
1000,30.0,1,201,5303.5
1000,30.0,1,201,5267.6
1000,30.0,1,201,5226.4
1000,30.0,1,201,5228.3
1000,30.0,1,201,5197.5
1000,30.0,1,201,4265.4
1000,30.0,1,201,4511.1
1000,30.0,1,201,4518.0
1000,30.0,1,201,4963.3
1000,30.0,1,201,4957.6
1000,30.0,1,201,5436.1
1000,30.0,1,201,5430.2
1000,30.0,1,201,5419.6
1000,30.0,1,201,5390.5
1000,30.0,1,201,5380.5
1000,30.0,1,201,5382.4
1000,30.0,1,201,4456.7
1000,30.0,1,201,4914.7
1000,30.0,1,201,4915.5
1000,30.0,1,201,4992.1
1000,30.0,1,201,4992.3
1000,30.0,1,201,5495.7
1000,30.0,1,201,5495.9
1000,30.0,1,201,5451.6
1000,30.0,1,201,5452.9
1000,30.0,1,201,5441.4
1000,30.0,1,201,5444.4
1000,30.0,1,201,4454.2
1000,30.0,1,201,4888.8
1000,30.0,1,201,4888.5
1000,30.0,1,201,4923.5
1000,30.0,1,201,4922.0
1000,30.0,1,201,5823.7
1000,30.0,1,201,5812.3
1000,30.0,1,201,5501.7
1000,30.0,1,201,5500.8
1000,30.0,1,201,5454.4
1000,30.0,1,201,5452.0
1000,30.0,1,201,4756.5
1000,30.0,1,201,4803.5
1000,30.0,1,201,4820.4
1000,30.0,1,201,4839.5
1000,30.0,1,201,4920.5
1000,30.0,1,201,4938.8
1000,30.0,1,201,5016.6
1000,30.0,1,201,4808.1
1000,30.0,1,201,5027.2
1000,30.0,1,201,4618.9
1000,30.0,1,201,5016.6
1000,30.0,1,201,4756.4
1000,30.0,1,201,4780.0
1000,30.0,1,201,4809.0
1000,30.0,1,201,4879.1
1000,30.0,1,201,4893.7
1000,30.0,1,201,4969.2
1000,30.0,1,201,4997.7
1000,30.0,1,201,4972.7
1000,30.0,1,201,5024.9
1000,30.0,1,201,4975.2
1000,30.0,1,201,5027.4
1000,30.0,1,201,4597.2
1000,30.0,1,201,4568.3
1000,30.0,1,201,4669.1
1000,30.0,1,201,4685.8
1000,30.0,1,201,4771.3
1000,30.0,1,201,4798.8
1000,30.0,1,201,5019.5
1000,30.0,1,201,4619.8
1000,30.0,1,201,5020.1
1000,30.0,1,201,4995.8
1000,30.0,1,201,5018.1
1000,30.0,1,201,4533.1
1000,30.0,1,201,4604.1
1000,30.0,1,201,4696.9
1000,30.0,1,201,4701.9
1000,30.0,1,201,4773.8
1000,30.0,1,201,5293.9
1000,30.0,1,201,5334.1
2000,1.0,1,503,1084.6
2000,1.0,1,503,1094.1
2000,1.0,1,503,1107.0
2000,1.0,1,503,1111.2
2000,1.0,1,503,1137.6
2000,1.0,1,503,1138.0
2000,1.0,1,503,1193.1
2000,1.0,1,503,1258.6
2000,1.0,1,503,1282.5
2000,1.0,1,503,1183.2
2000,1.0,1,503,1268.7
2000,1.0,1,503,1201.0
2000,1.0,1,503,1209.1
2000,1.0,1,503,1250.3
2000,1.0,1,503,1261.3
2000,1.0,1,503,1229.6
2000,1.0,1,503,1216.6
2000,1.0,1,503,1211.9
2000,1.0,1,503,1191.7
2000,1.0,1,503,1272.2
2000,1.0,1,503,1223.8
2000,1.0,1,503,1203.8
2000,1.0,1,503,1256.7
2000,1.0,1,503,1250.0
2000,1.0,1,503,1259.0
2000,1.0,1,503,1218.3
2000,1.0,1,503,1218.4
2000,1.0,1,503,1248.4
2000,1.0,1,503,1190.9
2000,1.0,1,503,1178.2
2000,1.0,1,503,1226.8
2000,1.0,1,503,1232.2
2000,1.0,1,503,1220.6
2000,1.0,1,503,1251.2
2000,1.0,1,503,1221.3
2000,1.0,1,503,1262.1
2000,1.0,1,503,1226.6
2000,1.0,1,503,1232.9
2000,1.0,1,503,1213.8
2000,1.0,1,503,1260.2
2000,1.0,1,503,2061.2
2000,1.0,1,503,2165.3
2000,1.0,1,503,2070.4
2000,1.0,1,503,2084.5
2000,1.0,1,503,2169.8
2000,1.0,1,503,2088.4
2000,1.0,1,503,2173.4
2000,1.0,1,503,2113.1
2000,1.0,1,503,2184.8
2000,1.0,1,503,2112.9
2000,1.0,1,503,1321.6
2000,1.0,1,503,1303.4
2000,1.0,1,503,1242.2
2000,1.0,1,503,1250.5
2000,1.0,1,503,1233.2
2000,1.0,1,503,1284.8
2000,1.0,1,503,1244.3
2000,1.0,1,503,1194.5
2000,1.0,1,503,1210.9
2000,1.0,1,503,1176.9
2000,1.0,1,503,1161.1
2000,1.0,1,503,1203.1
2000,1.0,1,503,1162.6
2000,1.0,1,503,1223.2
2000,1.0,1,503,1233.0
2000,1.0,1,503,1168.5
2000,1.0,1,503,1969.6
2000,1.0,1,503,1156.7
2000,1.0,1,503,1206.5
2000,1.0,1,503,1195.9
2000,1.0,1,503,1185.4
2000,1.0,1,503,1955.9
2000,1.0,1,503,1175.5
2000,1.0,1,503,1905.3
2000,1.0,1,503,1171.3
2000,1.0,1,503,1872.7
2000,1.0,1,503,1183.1
2000,1.0,1,503,1952.2
2000,1.0,1,503,1183.1
2000,1.0,1,503,1164.2
2000,1.0,1,503,1178.8
2000,1.0,1,503,1824.6
2000,1.0,1,503,1174.8
2000,1.0,1,503,1161.0
2000,1.0,1,503,1830.0
2000,1.0,1,503,1163.6
2000,1.0,1,503,1165.5
2000,1.0,1,503,1833.1
2000,1.0,1,503,1868.3
2000,1.0,1,503,1938.8
2000,1.0,1,503,1281.0
2000,1.0,1,503,1269.4
2000,1.0,1,503,1271.5
2000,1.0,1,503,1277.7
2000,1.0,1,503,1253.4
2000,1.0,1,503,1255.0
2000,1.0,1,503,1232.1
2000,1.0,1,503,1216.5
2000,1.0,1,503,1221.4
2000,1.0,1,503,1209.1
2000,1.0,1,503,1167.1
2000,1.0,1,503,1155.3
2000,1.0,1,503,1147.9
2000,1.0,1,503,1151.6
2000,1.0,1,503,1154.7
2000,1.0,1,503,1162.7
2000,1.0,1,503,1144.6
2000,1.0,1,503,1146.3
2000,1.0,1,503,1148.3
2000,1.0,1,503,1148.3
2000,1.0,1,503,1131.6
2000,1.0,1,503,1142.9
2000,1.0,1,503,1122.3
2000,1.0,1,503,1135.5
2000,1.0,1,503,1792.6
2000,1.0,1,503,1128.5
2000,1.0,1,503,1103.2
2000,1.0,1,503,1693.5
2000,1.0,1,503,1730.3
2000,1.0,1,503,1116.0
2000,1.0,1,503,1119.9
2000,1.0,1,503,1118.2
2000,1.0,1,503,1720.9
2000,1.0,1,503,1760.9
2000,1.0,1,503,1654.6
2000,1.0,1,503,1106.2
2000,1.0,1,503,1662.7
2000,1.0,1,503,1685.9
2000,1.0,1,503,1780.2
2000,1.0,1,503,1753.2
2000,1.0,1,503,1310.2
2000,1.0,1,503,1307.3
2000,1.0,1,503,1298.6
2000,1.0,1,503,1289.9
2000,1.0,1,503,1262.4
2000,1.0,1,503,1260.3
2000,1.0,1,503,1222.9
2000,1.0,1,503,1229.0
2000,1.0,1,503,1220.7
2000,1.0,1,503,1207.6
2000,1.0,1,503,1154.9
2000,1.0,1,503,1161.5
2000,1.0,1,503,1171.4
2000,1.0,1,503,1173.9
2000,1.0,1,503,1170.4
2000,1.0,1,503,1169.5
2000,1.0,1,503,1151.7
2000,1.0,1,503,1141.6
2000,1.0,1,503,1145.5
2000,1.0,1,503,1144.1
2000,2.0,1,503,2030.4
2000,2.0,1,503,2037.7
2000,2.0,1,503,2078.5
2000,2.0,1,503,2075.9
2000,2.0,1,503,2078.9
2000,2.0,1,503,2094.8
2000,2.0,1,503,2193.7
2000,2.0,1,503,2131.5
2000,2.0,1,503,2137.3
2000,2.0,1,503,2200.9
2000,2.0,1,503,2151.1
2000,2.0,1,503,2181.3
2000,2.0,1,503,2193.0
2000,2.0,1,503,2190.2
2000,2.0,1,503,2158.3
2000,2.0,1,503,2162.0
2000,2.0,1,503,2187.7
2000,2.0,1,503,2189.8
2000,2.0,1,503,2192.6
2000,2.0,1,503,4024.2
2000,2.0,1,503,2164.0
2000,2.0,1,503,2199.9
2000,2.0,1,503,2192.6
2000,2.0,1,503,2146.4
2000,2.0,1,503,2184.6
2000,2.0,1,503,2189.3
2000,2.0,1,503,2146.2
2000,2.0,1,503,2158.3
2000,2.0,1,503,2179.2
2000,2.0,1,503,2192.0
2000,2.0,1,503,2138.0
2000,2.0,1,503,2175.0
2000,2.0,1,503,2188.8
2000,2.0,1,503,2173.7
2000,2.0,1,503,2165.7
2000,2.0,1,503,2160.3
2000,2.0,1,503,2156.2
2000,2.0,1,503,2172.0
2000,2.0,1,503,2168.5
2000,2.0,1,503,2168.6
2000,2.0,1,503,2169.7
2000,2.0,1,503,4017.9
2000,2.0,1,503,4059.7
2000,2.0,1,503,4063.7
2000,2.0,1,503,4138.6
2000,2.0,1,503,4119.9
2000,2.0,1,503,4064.4
2000,2.0,1,503,4112.1
2000,2.0,1,503,4072.7
2000,2.0,1,503,4134.2
2000,2.0,1,503,2227.2
2000,2.0,1,503,2211.2
2000,2.0,1,503,2189.8
2000,2.0,1,503,2183.9
2000,2.0,1,503,2197.1
2000,2.0,1,503,2171.8
2000,2.0,1,503,2132.3
2000,2.0,1,503,2144.1
2000,2.0,1,503,2108.3
2000,2.0,1,503,2118.0
2000,2.0,1,503,2129.2
2000,2.0,1,503,2118.2
2000,2.0,1,503,2129.0
2000,2.0,1,503,2122.5
2000,2.0,1,503,2124.9
2000,2.0,1,503,2108.2
2000,2.0,1,503,2122.8
2000,2.0,1,503,2139.5
2000,2.0,1,503,2130.1
2000,2.0,1,503,2125.4
2000,2.0,1,503,2116.1
2000,2.0,1,503,2117.0
2000,2.0,1,503,2119.6
2000,2.0,1,503,2108.4
2000,2.0,1,503,2118.2
2000,2.0,1,503,2127.3
2000,2.0,1,503,2111.0
2000,2.0,1,503,2120.6
2000,2.0,1,503,2117.3
2000,2.0,1,503,2105.3
2000,2.0,1,503,3954.9
2000,2.0,1,503,3839.3
2000,2.0,1,503,3846.8
2000,2.0,1,503,3967.5
2000,2.0,1,503,3885.0
2000,2.0,1,503,3898.3
2000,2.0,1,503,3940.7
2000,2.0,1,503,3965.1
2000,2.0,1,503,3890.6
2000,2.0,1,503,3897.8
2000,2.0,1,503,2224.7
2000,2.0,1,503,2219.8
2000,2.0,1,503,2190.5
2000,2.0,1,503,2188.3
2000,2.0,1,503,2192.3
2000,2.0,1,503,2191.4
2000,2.0,1,503,2158.3
2000,2.0,1,503,2154.0
2000,2.0,1,503,2144.3
2000,2.0,1,503,2154.9
2000,2.0,1,503,2079.7
2000,2.0,1,503,2113.6
2000,2.0,1,503,2103.2
2000,2.0,1,503,2097.5
2000,2.0,1,503,2105.9
2000,2.0,1,503,2108.8
2000,2.0,1,503,2117.0
2000,2.0,1,503,2137.1
2000,2.0,1,503,2115.6
2000,2.0,1,503,2134.8
2000,2.0,1,503,2122.1
2000,2.0,1,503,2123.9
2000,2.0,1,503,2113.3
2000,2.0,1,503,2110.5
2000,2.0,1,503,3807.7
2000,2.0,1,503,2096.5
2000,2.0,1,503,3745.5
2000,2.0,1,503,2116.9
2000,2.0,1,503,3791.2
2000,2.0,1,503,2091.4
2000,2.0,1,503,3801.5
2000,2.0,1,503,2107.4
2000,2.0,1,503,2096.3
2000,2.0,1,503,3742.5
2000,2.0,1,503,2099.5
2000,2.0,1,503,3838.0
2000,2.0,1,503,3807.6
2000,2.0,1,503,3863.2
2000,2.0,1,503,3837.5
2000,2.0,1,503,3861.2
2000,2.0,1,503,2307.4
2000,2.0,1,503,2303.7
2000,2.0,1,503,2246.9
2000,2.0,1,503,2257.3
2000,2.0,1,503,2264.1
2000,2.0,1,503,2250.2
2000,2.0,1,503,2218.1
2000,2.0,1,503,2212.8
2000,2.0,1,503,2200.0
2000,2.0,1,503,2193.7
2000,2.0,1,503,2110.5
2000,2.0,1,503,2126.1
2000,2.0,1,503,2126.2
2000,2.0,1,503,2119.8
2000,2.0,1,503,2123.4
2000,2.0,1,503,2121.5
2000,2.0,1,503,2118.2
2000,2.0,1,503,2117.9
2000,2.0,1,503,2115.0
2000,2.0,1,503,2104.6
2000,30.0,1,201,4049.4
2000,30.0,1,201,4049.1
2000,30.0,1,201,4053.6
2000,30.0,1,201,4049.8
2000,30.0,1,201,6137.4
2000,30.0,1,201,4054.4
2000,30.0,1,201,4070.6
2000,30.0,1,201,4057.1
2000,30.0,1,201,10223.6
2000,30.0,1,201,6154.7
2000,30.0,1,201,4057.6
2000,30.0,1,201,6146.9
2000,30.0,1,201,8190.7
2000,30.0,1,201,6315.2
2000,30.0,1,201,6267.4
2000,30.0,1,201,8186.4
2000,30.0,1,201,8108.6
2000,30.0,1,201,6134.2
2000,30.0,1,201,8172.6
2000,30.0,1,201,8331.7
2000,30.0,1,201,4323.6
2000,30.0,1,201,4054.6
2000,30.0,1,201,6126.4
2000,30.0,1,201,8168.3
2000,30.0,1,201,6122.9
2000,30.0,1,201,6304.5
2000,30.0,1,201,8176.7
2000,30.0,1,201,8167.1
2000,30.0,1,201,8201.8
2000,30.0,1,201,6058.9
2000,30.0,1,201,10206.5
2000,30.0,1,201,6058.9
2000,30.0,1,201,4062.0
2000,30.0,1,201,4051.8
2000,30.0,1,201,6114.1
2000,30.0,1,201,8310.9
2000,30.0,1,201,6291.5
2000,30.0,1,201,6103.3
2000,30.0,1,201,10292.7
2000,30.0,1,201,10203.2
2000,30.0,1,201,10087.0
2000,30.0,1,201,8331.4
2000,30.0,1,201,10209.2
2000,30.0,1,201,10284.6
2000,30.0,1,201,10285.8
2000,30.0,1,201,10192.3
2000,30.0,1,201,10195.1
2000,30.0,1,201,12126.7
2000,30.0,1,201,12195.3
2000,30.0,1,201,10193.9
2000,30.0,1,201,8231.9
2000,30.0,1,201,8195.0
2000,30.0,1,201,8226.5
2000,30.0,1,201,10204.3
2000,30.0,1,201,8235.1
2000,30.0,1,201,8221.3
2000,30.0,1,201,8284.7
2000,30.0,1,201,8212.0
2000,30.0,1,201,8276.2
2000,30.0,1,201,8267.0
2000,30.0,1,201,10178.7
2000,30.0,1,201,9927.1
2000,30.0,1,201,8232.4
2000,30.0,1,201,8235.0
2000,30.0,1,201,8215.1
2000,30.0,1,201,8179.4
2000,30.0,1,201,8183.7
2000,30.0,1,201,8177.9
2000,30.0,1,201,10129.1
2000,30.0,1,201,8203.5
2000,30.0,1,201,8203.6
2000,30.0,1,201,10116.8
2000,30.0,1,201,10001.6
2000,30.0,1,201,10004.6
2000,30.0,1,201,10004.9
2000,30.0,1,201,10005.6
2000,30.0,1,201,8214.7
2000,30.0,1,201,10028.7
2000,30.0,1,201,8147.6
2000,30.0,1,201,10025.2
2000,30.0,1,201,10022.6
2000,30.0,1,201,10267.0
2000,30.0,1,201,10276.5
2000,30.0,1,201,10288.7
2000,30.0,1,201,10179.7
2000,30.0,1,201,10178.5
2000,30.0,1,201,11862.5
2000,30.0,1,201,8405.4
2000,30.0,1,201,8249.9
2000,30.0,1,201,8286.8
2000,30.0,1,201,10006.5
2000,30.0,1,201,10004.8
2000,30.0,1,201,10267.5
2000,30.0,1,201,10268.0
2000,30.0,1,201,10359.0
2000,30.0,1,201,10249.2
2000,30.0,1,201,10282.5
2000,30.0,1,201,10281.9
2000,30.0,1,201,8436.5
2000,30.0,1,201,8371.6
2000,30.0,1,201,10217.3
2000,30.0,1,201,10185.0
2000,30.0,1,201,10186.2
2000,30.0,1,201,10237.4
2000,30.0,1,201,10237.8
2000,30.0,1,201,10230.3
2000,30.0,1,201,11897.6
2000,30.0,1,201,11900.1
2000,30.0,1,201,11903.6
2000,30.0,1,201,9996.4
2000,30.0,1,201,10007.8
2000,30.0,1,201,10011.1
2000,30.0,1,201,10202.6
2000,30.0,1,201,10204.9
2000,30.0,1,201,10209.6
2000,30.0,1,201,10143.4
2000,30.0,1,201,10186.6
2000,30.0,1,201,10190.7
2000,30.0,1,201,10196.0
2000,30.0,1,201,10201.9
2000,30.0,1,201,9964.2
2000,30.0,1,201,10192.6
2000,30.0,1,201,10028.2
2000,30.0,1,201,10195.7
2000,30.0,1,201,10203.8
2000,30.0,1,201,10187.4
2000,30.0,1,201,10194.5
2000,30.0,1,201,10210.4
2000,30.0,1,201,8341.2
2000,30.0,1,201,8346.7
2000,30.0,1,201,10027.5
2000,30.0,1,201,9848.3
2000,30.0,1,201,10006.9
2000,30.0,1,201,10052.2
2000,30.0,1,201,10066.0
2000,30.0,1,201,10027.5
2000,30.0,1,201,10029.7
2000,30.0,1,201,10045.1
2000,30.0,1,201,10067.6
2000,30.0,1,201,10085.9
2000,30.0,1,201,8348.3
2000,30.0,1,201,10009.1
2000,30.0,1,201,9985.1
2000,30.0,1,201,10028.1
2000,30.0,1,201,9970.4
2000,30.0,1,201,9942.7
2000,30.0,1,201,9946.9
2000,30.0,1,201,9972.3
2000,30.0,1,201,9980.0
2000,30.0,1,201,9995.2
4000,1.0,1,503,1051.2
4000,1.0,1,503,1062.2
4000,1.0,1,503,1113.4
4000,1.0,1,503,1106.3
4000,1.0,1,503,1115.0
4000,1.0,1,503,1106.9
4000,1.0,1,503,1132.5
4000,1.0,1,503,1138.3
4000,1.0,1,503,1136.6
4000,1.0,1,503,1139.3
4000,1.0,1,503,1124.8
4000,1.0,1,503,1147.7
4000,1.0,1,503,1175.1
4000,1.0,1,503,1204.9
4000,1.0,1,503,1194.2
4000,1.0,1,503,1178.7
4000,1.0,1,503,1196.3
4000,1.0,1,503,1195.8
4000,1.0,1,503,1208.6
4000,1.0,1,503,1175.7
4000,1.0,1,503,1209.2
4000,1.0,1,503,1217.0
4000,1.0,1,503,1219.5
4000,1.0,1,503,1217.2
4000,1.0,1,503,1224.2
4000,1.0,1,503,1220.4
4000,1.0,1,503,1224.9
4000,1.0,1,503,1249.1
4000,1.0,1,503,1262.2
4000,1.0,1,503,1251.3
4000,1.0,1,503,1253.9
4000,1.0,1,503,1212.0
4000,1.0,1,503,1244.8
4000,1.0,1,503,1254.1
4000,1.0,1,503,1248.8
4000,1.0,1,503,1250.8
4000,1.0,1,503,2035.0
4000,1.0,1,503,1263.8
4000,1.0,1,503,1263.9
4000,1.0,1,503,1254.6
4000,1.0,1,503,2020.7
4000,1.0,1,503,1251.2
4000,1.0,1,503,2085.3
4000,1.0,1,503,2076.6
4000,1.0,1,503,2096.3
4000,1.0,1,503,2096.8
4000,1.0,1,503,2099.3
4000,1.0,1,503,2105.0
4000,1.0,1,503,2116.0
4000,1.0,1,503,2110.2
4000,1.0,1,503,1126.8
4000,1.0,1,503,1112.9
4000,1.0,1,503,1087.4
4000,1.0,1,503,1112.8
4000,1.0,1,503,1088.8
4000,1.0,1,503,1094.8
4000,1.0,1,503,1107.1
4000,1.0,1,503,1104.7
4000,1.0,1,503,1111.6
4000,1.0,1,503,1138.6
4000,1.0,1,503,1130.5
4000,1.0,1,503,1124.2
4000,1.0,1,503,1206.6
4000,1.0,1,503,1163.0
4000,1.0,1,503,1171.5
4000,1.0,1,503,1192.4
4000,1.0,1,503,1162.6
4000,1.0,1,503,1157.5
4000,1.0,1,503,1142.9
4000,1.0,1,503,1156.7
4000,1.0,1,503,1173.2
4000,1.0,1,503,1170.9
4000,1.0,1,503,1163.9
4000,1.0,1,503,1145.3
4000,1.0,1,503,1819.1
4000,1.0,1,503,1165.4
4000,1.0,1,503,1157.3
4000,1.0,1,503,1872.7
4000,1.0,1,503,1142.9
4000,1.0,1,503,1144.7
4000,1.0,1,503,1102.5
4000,1.0,1,503,1863.8
4000,1.0,1,503,1846.0
4000,1.0,1,503,1860.5
4000,1.0,1,503,1788.0
4000,1.0,1,503,1870.0
4000,1.0,1,503,1121.1
4000,1.0,1,503,1869.6
4000,1.0,1,503,1880.8
4000,1.0,1,503,1878.1
4000,1.0,1,503,1137.5
4000,1.0,1,503,1130.3
4000,1.0,1,503,1091.0
4000,1.0,1,503,1089.1
4000,1.0,1,503,1084.4
4000,1.0,1,503,1096.7
4000,1.0,1,503,1106.6
4000,1.0,1,503,1100.1
4000,1.0,1,503,1109.1
4000,1.0,1,503,1119.6
4000,1.0,1,503,1119.6
4000,1.0,1,503,1116.3
4000,1.0,1,503,1183.3
4000,1.0,1,503,1182.9
4000,1.0,1,503,1181.7
4000,1.0,1,503,1179.6
4000,1.0,1,503,1159.5
4000,1.0,1,503,1186.7
4000,1.0,1,503,1226.6
4000,1.0,1,503,1212.5
4000,1.0,1,503,1204.2
4000,1.0,1,503,1205.9
4000,1.0,1,503,1139.5
4000,1.0,1,503,1131.9
4000,1.0,1,503,1131.9
4000,1.0,1,503,1131.8
4000,1.0,1,503,1691.7
4000,1.0,1,503,1697.1
4000,1.0,1,503,1120.9
4000,1.0,1,503,1120.6
4000,1.0,1,503,1116.0
4000,1.0,1,503,1106.0
4000,1.0,1,503,1731.0
4000,1.0,1,503,1722.0
4000,1.0,1,503,1776.8
4000,1.0,1,503,1742.2
4000,1.0,1,503,1741.6
4000,1.0,1,503,1753.5
4000,1.0,1,503,1767.2
4000,1.0,1,503,1742.9
4000,1.0,1,503,1186.3
4000,1.0,1,503,1168.5
4000,1.0,1,503,1125.4
4000,1.0,1,503,1116.2
4000,1.0,1,503,1102.3
4000,1.0,1,503,1103.5
4000,1.0,1,503,1115.1
4000,1.0,1,503,1099.8
4000,1.0,1,503,1112.2
4000,1.0,1,503,1081.3
4000,1.0,1,503,1109.1
4000,1.0,1,503,1106.5
4000,1.0,1,503,1179.9
4000,1.0,1,503,1179.9
4000,1.0,1,503,1190.3
4000,1.0,1,503,1199.8
4000,1.0,1,503,1164.2
4000,1.0,1,503,1164.2
4000,1.0,1,503,1218.1
4000,1.0,1,503,1209.5
4000,2.0,1,503,2060.4
4000,2.0,1,503,2074.0
4000,2.0,1,503,2169.9
4000,2.0,1,503,2172.9
4000,2.0,1,503,2184.5
4000,2.0,1,503,2175.5
4000,2.0,1,503,2275.3
4000,2.0,1,503,2299.5
4000,2.0,1,503,2223.8
4000,2.0,1,503,2251.8
4000,2.0,1,503,2217.5
4000,2.0,1,503,2238.9
4000,2.0,1,503,2257.4
4000,2.0,1,503,2288.0
4000,2.0,1,503,2221.9
4000,2.0,1,503,2259.2
4000,2.0,1,503,2272.5
4000,2.0,1,503,2223.9
4000,2.0,1,503,2307.0
4000,2.0,1,503,2244.2
4000,2.0,1,503,2256.1
4000,2.0,1,503,2212.5
4000,2.0,1,503,2289.9
4000,2.0,1,503,2277.8
4000,2.0,1,503,2299.0
4000,2.0,1,503,2279.0
4000,2.0,1,503,2273.0
4000,2.0,1,503,2299.9
4000,2.0,1,503,2224.0
4000,2.0,1,503,2298.1
4000,2.0,1,503,2238.1
4000,2.0,1,503,2286.0
4000,2.0,1,503,2263.7
4000,2.0,1,503,2277.2
4000,2.0,1,503,4152.2
4000,2.0,1,503,2271.9
4000,2.0,1,503,2250.4
4000,2.0,1,503,4131.3
4000,2.0,1,503,2292.3
4000,2.0,1,503,4187.3
4000,2.0,1,503,4131.9
4000,2.0,1,503,2284.6
4000,2.0,1,503,2230.6
4000,2.0,1,503,4131.3
4000,2.0,1,503,2282.9
4000,2.0,1,503,4190.8
4000,2.0,1,503,4195.5
4000,2.0,1,503,4003.5
4000,2.0,1,503,4017.0
4000,2.0,1,503,4169.6
4000,2.0,1,503,2383.4
4000,2.0,1,503,2374.5
4000,2.0,1,503,2300.0
4000,2.0,1,503,2279.5
4000,2.0,1,503,2314.3
4000,2.0,1,503,2270.0
4000,2.0,1,503,2234.1
4000,2.0,1,503,2251.5
4000,2.0,1,503,2267.6
4000,2.0,1,503,2306.6
4000,2.0,1,503,2263.7
4000,2.0,1,503,2226.8
4000,2.0,1,503,2268.3
4000,2.0,1,503,2289.1
4000,2.0,1,503,2249.6
4000,2.0,1,503,2238.4
4000,2.0,1,503,2282.3
4000,2.0,1,503,2236.6
4000,2.0,1,503,2257.9
4000,2.0,1,503,2257.1
4000,2.0,1,503,3957.6
4000,2.0,1,503,2223.6
4000,2.0,1,503,2189.3
4000,2.0,1,503,3895.2
4000,2.0,1,503,2250.2
4000,2.0,1,503,2211.2
4000,2.0,1,503,2193.5
4000,2.0,1,503,2204.1
4000,2.0,1,503,2243.9
4000,2.0,1,503,3873.7
4000,2.0,1,503,3750.1
4000,2.0,1,503,2199.2
4000,2.0,1,503,3912.6
4000,2.0,1,503,2197.0
4000,2.0,1,503,3931.0
4000,2.0,1,503,3749.9
4000,2.0,1,503,3866.9
4000,2.0,1,503,3849.2
4000,2.0,1,503,3914.0
4000,2.0,1,503,2188.7
4000,2.0,1,503,2514.4
4000,2.0,1,503,2506.0
4000,2.0,1,503,2459.6
4000,2.0,1,503,2447.8
4000,2.0,1,503,2450.3
4000,2.0,1,503,2486.2
4000,2.0,1,503,2445.0
4000,2.0,1,503,2406.1
4000,2.0,1,503,2413.1
4000,2.0,1,503,2399.8
4000,2.0,1,503,2248.6
4000,2.0,1,503,2234.5
4000,2.0,1,503,2204.6
4000,2.0,1,503,2260.3
4000,2.0,1,503,2239.5
4000,2.0,1,503,2237.4
4000,2.0,1,503,2226.1
4000,2.0,1,503,2224.3
4000,2.0,1,503,2238.5
4000,2.0,1,503,2228.3
4000,2.0,1,503,2170.8
4000,2.0,1,503,2201.8
4000,2.0,1,503,2213.2
4000,2.0,1,503,3698.7
4000,2.0,1,503,2200.1
4000,2.0,1,503,2214.2
4000,2.0,1,503,2207.1
4000,2.0,1,503,2206.7
4000,2.0,1,503,3555.0
4000,2.0,1,503,2209.7
4000,2.0,1,503,2188.3
4000,2.0,1,503,2205.7
4000,2.0,1,503,3558.9
4000,2.0,1,503,3719.0
4000,2.0,1,503,3658.2
4000,2.0,1,503,3658.5
4000,2.0,1,503,3692.3
4000,2.0,1,503,3639.0
4000,2.0,1,503,3711.7
4000,2.0,1,503,3692.3
4000,2.0,1,503,2535.8
4000,2.0,1,503,2518.6
4000,2.0,1,503,2448.6
4000,2.0,1,503,2452.1
4000,2.0,1,503,2478.4
4000,2.0,1,503,2442.6
4000,2.0,1,503,2439.5
4000,2.0,1,503,2408.7
4000,2.0,1,503,2447.8
4000,2.0,1,503,2440.4
4000,2.0,1,503,2132.7
4000,2.0,1,503,2152.6
4000,2.0,1,503,2137.0
4000,2.0,1,503,2124.9
4000,2.0,1,503,2124.2
4000,2.0,1,503,2127.6
4000,2.0,1,503,2113.7
4000,2.0,1,503,2110.2
4000,2.0,1,503,2106.1
4000,2.0,1,503,2094.6
4000,30.0,1,201,8057.1
4000,30.0,1,201,8058.2
4000,30.0,1,201,8061.3
4000,30.0,1,201,8059.0
4000,30.0,1,201,8067.6
4000,30.0,1,201,8062.2
4000,30.0,1,201,8071.2
4000,30.0,1,201,8093.8
4000,30.0,1,201,12235.0
4000,30.0,1,201,8067.9
4000,30.0,1,201,8199.7
4000,30.0,1,201,12271.6
4000,30.0,1,201,8078.4
4000,30.0,1,201,8069.8
4000,30.0,1,201,12275.8
4000,30.0,1,201,12336.4
4000,30.0,1,201,12277.8
4000,30.0,1,201,12270.1
4000,30.0,1,201,16160.4
4000,30.0,1,201,12313.5
4000,30.0,1,201,16234.7
4000,30.0,1,201,20247.8
4000,30.0,1,201,16239.5
4000,30.0,1,201,16376.3
4000,30.0,1,201,16230.4
4000,30.0,1,201,20246.5
4000,30.0,1,201,20247.3
4000,30.0,1,201,16257.1
4000,30.0,1,201,12285.4
4000,30.0,1,201,12273.7
4000,30.0,1,201,12400.4
4000,30.0,1,201,16373.7
4000,30.0,1,201,12261.4
4000,30.0,1,201,20237.6
4000,30.0,1,201,20233.4
4000,30.0,1,201,16235.9
4000,30.0,1,201,16225.1
4000,30.0,1,201,16228.1
4000,30.0,1,201,12390.2
4000,30.0,1,201,16255.0
4000,30.0,1,201,24265.5
4000,30.0,1,201,20243.0
4000,30.0,1,201,20244.1
4000,30.0,1,201,24258.4
4000,30.0,1,201,20316.3
4000,30.0,1,201,24257.5
4000,30.0,1,201,20316.0
4000,30.0,1,201,24259.2
4000,30.0,1,201,20358.5
4000,30.0,1,201,20358.5
4000,30.0,1,201,16236.6
4000,30.0,1,201,16238.3
4000,30.0,1,201,16350.4
4000,30.0,1,201,16333.4
4000,30.0,1,201,16235.4
4000,30.0,1,201,16324.9
4000,30.0,1,201,16342.1
4000,30.0,1,201,20288.5
4000,30.0,1,201,20286.7
4000,30.0,1,201,20281.9
4000,30.0,1,201,20344.5
4000,30.0,1,201,20168.5
4000,30.0,1,201,16137.6
4000,30.0,1,201,16101.7
4000,30.0,1,201,16100.6
4000,30.0,1,201,16129.8
4000,30.0,1,201,16128.3
4000,30.0,1,201,16155.4
4000,30.0,1,201,20117.0
4000,30.0,1,201,20108.1
4000,30.0,1,201,20091.2
4000,30.0,1,201,20072.8
4000,30.0,1,201,20007.5
4000,30.0,1,201,20007.2
4000,30.0,1,201,16257.5
4000,30.0,1,201,16209.1
4000,30.0,1,201,16202.3
4000,30.0,1,201,16248.9
4000,30.0,1,201,16255.8
4000,30.0,1,201,20166.2
4000,30.0,1,201,20164.4
4000,30.0,1,201,20149.9
4000,30.0,1,201,20146.8
4000,30.0,1,201,20040.4
4000,30.0,1,201,20044.1
4000,30.0,1,201,16211.8
4000,30.0,1,201,16183.9
4000,30.0,1,201,16201.2
4000,30.0,1,201,16274.4
4000,30.0,1,201,16275.3
4000,30.0,1,201,20180.4
4000,30.0,1,201,20180.0
4000,30.0,1,201,20108.1
4000,30.0,1,201,20107.7
4000,30.0,1,201,20063.3
4000,30.0,1,201,20065.0
4000,30.0,1,201,16175.1
4000,30.0,1,201,16229.9
4000,30.0,1,201,16229.4
4000,30.0,1,201,19927.6
4000,30.0,1,201,19927.4
4000,30.0,1,201,20183.5
4000,30.0,1,201,20181.9
4000,30.0,1,201,20088.5
4000,30.0,1,201,20087.8
4000,30.0,1,201,20073.7
4000,30.0,1,201,20072.1
4000,30.0,1,201,16125.7
4000,30.0,1,201,16180.9
4000,30.0,1,201,16179.4
4000,30.0,1,201,19849.8
4000,30.0,1,201,19961.1
4000,30.0,1,201,19967.7
4000,30.0,1,201,20007.2
4000,30.0,1,201,20030.3
4000,30.0,1,201,20014.2
4000,30.0,1,201,20042.4
4000,30.0,1,201,20012.4
4000,30.0,1,201,16115.2
4000,30.0,1,201,16139.8
4000,30.0,1,201,19808.5
4000,30.0,1,201,19923.2
4000,30.0,1,201,19971.9
4000,30.0,1,201,19924.7
4000,30.0,1,201,20001.6
4000,30.0,1,201,19996.2
4000,30.0,1,201,20004.6
4000,30.0,1,201,19992.9
4000,30.0,1,201,20020.1
4000,30.0,1,201,16136.3
4000,30.0,1,201,19806.4
4000,30.0,1,201,19922.0
4000,30.0,1,201,19929.0
4000,30.0,1,201,19965.7
4000,30.0,1,201,19999.3
4000,30.0,1,201,20006.0
4000,30.0,1,201,20003.3
4000,30.0,1,201,20026.9
4000,30.0,1,201,19997.7
4000,30.0,1,201,20019.4
4000,30.0,1,201,19789.6
4000,30.0,1,201,19911.8
4000,30.0,1,201,20017.0
4000,30.0,1,201,19999.7
4000,30.0,1,201,19912.5
4000,30.0,1,201,19946.2
4000,30.0,1,201,19980.6
4000,30.0,1,201,19981.4
4000,30.0,1,201,20019.6
4000,30.0,1,201,16347.4
0,1.0,2,201,272.4
0,1.0,2,201,253.8
0,1.0,2,201,378.5
0,1.0,2,201,405.8
0,1.0,2,201,402.9
0,1.0,2,201,1237.2
0,1.0,2,201,403.9
0,1.0,2,201,421.7
0,1.0,2,201,1317.6
0,1.0,2,201,1890.5
0,1.0,2,201,512.5
0,1.0,2,201,1046.6
0,1.0,2,201,459.8
0,1.0,2,201,1101.7
0,1.0,2,201,421.4
0,1.0,2,201,591.8
0,1.0,2,201,519.9
0,1.0,2,201,664.9
0,1.0,2,201,1955.4
0,1.0,2,201,470.8
0,1.0,2,201,1824.0
0,1.0,2,201,640.0
0,1.0,2,201,1851.5
0,1.0,2,201,623.6
0,1.0,2,201,381.8
0,1.0,2,201,1017.1
0,1.0,2,201,680.0
0,1.0,2,201,1873.4
0,1.0,2,201,976.9
0,1.0,2,201,651.9
0,1.0,2,201,844.7
0,1.0,2,201,552.0
0,1.0,2,201,378.7
0,1.0,2,201,581.3
0,1.0,2,201,410.8
0,1.0,2,201,663.3
0,1.0,2,201,370.3
0,1.0,2,201,1150.0
0,1.0,2,201,512.5
0,1.0,2,201,533.4
0,1.0,2,201,1815.9
0,1.0,2,201,686.4
0,1.0,2,201,490.3
0,1.0,2,201,1378.0
0,1.0,2,201,1133.2
0,1.0,2,201,750.0
0,1.0,2,201,640.9
0,1.0,2,201,698.4
0,1.0,2,201,1694.1
0,1.0,2,201,514.4
0,1.0,2,201,1522.5
0,1.0,2,201,1523.9
0,1.0,2,201,252.8
0,1.0,2,201,1592.0
0,1.0,2,201,1692.8
0,1.0,2,201,1123.3
0,1.0,2,201,195.9
0,1.0,2,201,382.8
0,1.0,2,201,308.3
0,1.0,2,201,526.4
0,1.0,2,201,349.8
0,1.0,2,201,1351.9
0,1.0,2,201,357.9
0,1.0,2,201,334.8
0,1.0,2,201,350.5
0,1.0,2,201,488.5
0,1.0,2,201,198.2
0,1.0,2,201,332.9
0,1.0,2,201,290.3
0,1.0,2,201,1117.9
0,1.0,2,201,262.6
0,1.0,2,201,533.6
0,1.0,2,201,243.1
0,1.0,2,201,331.6
0,1.0,2,201,283.2
0,1.0,2,201,347.4
0,1.0,2,201,407.5
0,1.0,2,201,486.3
0,1.0,2,201,210.7
0,1.0,2,201,508.1
0,1.0,2,201,251.5
0,1.0,2,201,207.5
0,1.0,2,201,275.4
0,1.0,2,201,403.4
0,1.0,2,201,362.0
0,1.0,2,201,275.1
0,1.0,2,201,752.7
0,1.0,2,201,280.1
0,1.0,2,201,163.6
0,1.0,2,201,164.6
0,1.0,2,201,567.2
0,1.0,2,201,417.2
0,1.0,2,201,229.4
0,1.0,2,201,487.1
0,1.0,2,201,421.3
0,1.0,2,201,766.4
0,1.0,2,201,784.0
0,1.0,2,201,435.3
0,1.0,2,201,310.9
0,1.0,2,201,674.5
0,1.0,2,201,310.5
0,1.0,2,201,206.0
0,1.0,2,201,359.6
0,1.0,2,201,771.9
0,1.0,2,201,869.0
0,1.0,2,201,514.1
0,1.0,2,201,783.9
0,1.0,2,201,171.8
0,1.0,2,201,204.8
0,1.0,2,201,201.4
0,1.0,2,201,204.3
0,1.0,2,201,785.8
0,1.0,2,201,218.4
0,1.0,2,201,646.6
0,1.0,2,201,411.2
0,1.0,2,201,384.0
0,1.0,2,201,460.9
0,1.0,2,201,403.5
0,1.0,2,201,236.1
0,1.0,2,201,146.8
0,1.0,2,201,247.2
0,1.0,2,201,289.9
0,1.0,2,201,220.0
0,1.0,2,201,270.7
0,1.0,2,201,250.4
0,1.0,2,201,493.7
0,1.0,2,201,585.1
0,1.0,2,201,246.7
0,1.0,2,201,200.3
0,1.0,2,201,479.8
0,1.0,2,201,665.3
0,1.0,2,201,207.1
0,1.0,2,201,784.3
0,1.0,2,201,274.6
0,1.0,2,201,195.5
0,1.0,2,201,420.2
0,1.0,2,201,307.6
0,1.0,2,201,272.9
0,1.0,2,201,331.7
0,1.0,2,201,176.0
0,1.0,2,201,186.4
0,1.0,2,201,160.6
0,1.0,2,201,347.3
0,1.0,2,201,169.2
0,1.0,2,201,183.6
0,1.0,2,201,156.7
0,1.0,2,201,175.5
0,1.0,2,201,185.6
0,1.0,2,201,217.6
0,1.0,2,201,187.5
0,2.0,2,201,220.2
0,2.0,2,201,263.5
0,2.0,2,201,266.0
0,2.0,2,201,354.7
0,2.0,2,201,459.1
0,2.0,2,201,360.4
0,2.0,2,201,483.7
0,2.0,2,201,563.2
0,2.0,2,201,381.9
0,2.0,2,201,1463.9
0,2.0,2,201,403.1
0,2.0,2,201,1709.9
0,2.0,2,201,782.7
0,2.0,2,201,352.2
0,2.0,2,201,1287.2
0,2.0,2,201,530.2
0,2.0,2,201,448.6
0,2.0,2,201,1925.4
0,2.0,2,201,846.9
0,2.0,2,201,366.9
0,2.0,2,201,352.2
0,2.0,2,201,843.9
0,2.0,2,201,364.7
0,2.0,2,201,383.9
0,2.0,2,201,669.5
0,2.0,2,201,457.0
0,2.0,2,201,359.1
0,2.0,2,201,1333.1
0,2.0,2,201,469.9
0,2.0,2,201,545.6
0,2.0,2,201,1406.2
0,2.0,2,201,470.5
0,2.0,2,201,618.1
0,2.0,2,201,1589.6
0,2.0,2,201,378.6
0,2.0,2,201,573.1
0,2.0,2,201,1789.5
0,2.0,2,201,952.2
0,2.0,2,201,318.3
0,2.0,2,201,664.1
0,2.0,2,201,466.0
0,2.0,2,201,672.5
0,2.0,2,201,1481.8
0,2.0,2,201,1138.5
0,2.0,2,201,641.3
0,2.0,2,201,996.7
0,2.0,2,201,545.3
0,2.0,2,201,767.4
0,2.0,2,201,584.6
0,2.0,2,201,509.6
0,2.0,2,201,427.8
0,2.0,2,201,1241.8
0,2.0,2,201,396.9
0,2.0,2,201,603.5
0,2.0,2,201,622.7
0,2.0,2,201,694.6
0,2.0,2,201,217.6
0,2.0,2,201,1282.9
0,2.0,2,201,230.6
0,2.0,2,201,152.8
0,2.0,2,201,508.7
0,2.0,2,201,150.1
0,2.0,2,201,678.9
0,2.0,2,201,256.7
0,2.0,2,201,419.6
0,2.0,2,201,347.3
0,2.0,2,201,1051.6
0,2.0,2,201,729.4
0,2.0,2,201,277.1
0,2.0,2,201,323.6
0,2.0,2,201,1065.3
0,2.0,2,201,638.8
0,2.0,2,201,1075.5
0,2.0,2,201,710.8
0,2.0,2,201,276.0
0,2.0,2,201,192.6
0,2.0,2,201,182.6
0,2.0,2,201,492.2
0,2.0,2,201,203.5
0,2.0,2,201,201.5
0,2.0,2,201,381.1
0,2.0,2,201,285.8
0,2.0,2,201,266.2
0,2.0,2,201,234.7
0,2.0,2,201,422.1
0,2.0,2,201,296.0
0,2.0,2,201,996.0
0,2.0,2,201,1039.7
0,2.0,2,201,228.9
0,2.0,2,201,730.7
0,2.0,2,201,191.9
0,2.0,2,201,363.5
0,2.0,2,201,890.5
0,2.0,2,201,688.6
0,2.0,2,201,210.0
0,2.0,2,201,1249.2
0,2.0,2,201,706.6
0,2.0,2,201,207.8
0,2.0,2,201,616.8
0,2.0,2,201,309.9
0,2.0,2,201,492.1
0,2.0,2,201,180.1
0,2.0,2,201,173.4
0,2.0,2,201,406.2
0,2.0,2,201,269.8
0,2.0,2,201,670.2
0,2.0,2,201,281.8
0,2.0,2,201,194.5
0,2.0,2,201,338.4
0,2.0,2,201,189.7
0,2.0,2,201,284.9
0,2.0,2,201,472.2
0,2.0,2,201,347.9
0,2.0,2,201,216.6
0,2.0,2,201,405.1
0,2.0,2,201,184.1
0,2.0,2,201,216.6
0,2.0,2,201,253.0
0,2.0,2,201,363.0
0,2.0,2,201,369.4
0,2.0,2,201,533.3
0,2.0,2,201,152.7
0,2.0,2,201,311.7
0,2.0,2,201,257.0
0,2.0,2,201,340.4
0,2.0,2,201,470.1
0,2.0,2,201,175.0
0,2.0,2,201,205.2
0,2.0,2,201,404.8
0,2.0,2,201,537.8
0,2.0,2,201,281.9
0,2.0,2,201,218.9
0,2.0,2,201,172.2
0,2.0,2,201,217.7
0,2.0,2,201,140.3
0,2.0,2,201,199.4
0,2.0,2,201,285.9
0,2.0,2,201,334.7
0,2.0,2,201,227.6
0,2.0,2,201,154.6
0,2.0,2,201,255.2
0,2.0,2,201,193.9
0,2.0,2,201,234.9
0,2.0,2,201,217.7
0,2.0,2,201,166.8
0,2.0,2,201,226.2
0,2.0,2,201,112.4
0,2.0,2,201,140.6
0,2.0,2,201,122.2
0,2.0,2,201,176.9
0,30.0,2,201,158.0
0,30.0,2,201,245.9
0,30.0,2,201,292.2
0,30.0,2,201,437.2
0,30.0,2,201,345.2
0,30.0,2,201,634.6
0,30.0,2,201,1931.5
0,30.0,2,201,487.3
0,30.0,2,201,749.3
0,30.0,2,201,466.2
0,30.0,2,201,421.8
0,30.0,2,201,416.5
0,30.0,2,201,547.8
0,30.0,2,201,552.2
0,30.0,2,201,356.3
0,30.0,2,201,444.2
0,30.0,2,201,1016.5
0,30.0,2,201,1472.3
0,30.0,2,201,1281.5
0,30.0,2,201,604.3
0,30.0,2,201,626.9
0,30.0,2,201,436.3
0,30.0,2,201,477.7
0,30.0,2,201,903.5
0,30.0,2,201,1401.9
0,30.0,2,201,873.9
0,30.0,2,201,423.6
0,30.0,2,201,442.8
0,30.0,2,201,588.3
0,30.0,2,201,483.8
0,30.0,2,201,492.0
0,30.0,2,201,1610.3
0,30.0,2,201,1709.3
0,30.0,2,201,1261.8
0,30.0,2,201,850.2
0,30.0,2,201,446.0
0,30.0,2,201,606.8
0,30.0,2,201,1910.5
0,30.0,2,201,452.0
0,30.0,2,201,1197.6
0,30.0,2,201,532.0
0,30.0,2,201,652.7
0,30.0,2,201,1760.8
0,30.0,2,201,1847.9
0,30.0,2,201,630.3
0,30.0,2,201,1138.2
0,30.0,2,201,605.7
0,30.0,2,201,784.7
0,30.0,2,201,1671.2
0,30.0,2,201,696.8
0,30.0,2,201,553.6
0,30.0,2,201,469.6
0,30.0,2,201,1690.7
0,30.0,2,201,272.2
0,30.0,2,201,297.3
0,30.0,2,201,1319.5
0,30.0,2,201,440.8
0,30.0,2,201,406.3
0,30.0,2,201,1519.8
0,30.0,2,201,627.9
0,30.0,2,201,340.8
0,30.0,2,201,293.2
0,30.0,2,201,1292.1
0,30.0,2,201,920.7
0,30.0,2,201,1354.5
0,30.0,2,201,1054.6
0,30.0,2,201,196.4
0,30.0,2,201,256.6
0,30.0,2,201,260.3
0,30.0,2,201,1287.4
0,30.0,2,201,1345.5
0,30.0,2,201,981.7
0,30.0,2,201,465.2
0,30.0,2,201,243.1
0,30.0,2,201,173.6
0,30.0,2,201,331.5
0,30.0,2,201,242.0
0,30.0,2,201,808.3
0,30.0,2,201,172.9
0,30.0,2,201,270.8
0,30.0,2,201,171.1
0,30.0,2,201,192.9
0,30.0,2,201,842.7
0,30.0,2,201,186.7
0,30.0,2,201,928.0
0,30.0,2,201,386.1
0,30.0,2,201,187.3
0,30.0,2,201,151.7
0,30.0,2,201,196.3
0,30.0,2,201,233.4
0,30.0,2,201,244.9
0,30.0,2,201,194.7
0,30.0,2,201,840.4
0,30.0,2,201,156.9
0,30.0,2,201,133.8
0,30.0,2,201,1168.5
0,30.0,2,201,308.0
0,30.0,2,201,218.4
0,30.0,2,201,241.2
0,30.0,2,201,264.4
0,30.0,2,201,175.2
0,30.0,2,201,836.7
0,30.0,2,201,366.0
0,30.0,2,201,290.0
0,30.0,2,201,137.3
0,30.0,2,201,221.1
0,30.0,2,201,212.9
0,30.0,2,201,244.6
0,30.0,2,201,728.7
0,30.0,2,201,806.1
0,30.0,2,201,694.9
0,30.0,2,201,283.6
0,30.0,2,201,209.3
0,30.0,2,201,355.5
0,30.0,2,201,431.7
0,30.0,2,201,380.9
0,30.0,2,201,268.6
0,30.0,2,201,241.2
0,30.0,2,201,226.0
0,30.0,2,201,252.8
0,30.0,2,201,238.9
0,30.0,2,201,225.7
0,30.0,2,201,528.4
0,30.0,2,201,712.3
0,30.0,2,201,649.9
0,30.0,2,201,212.1
0,30.0,2,201,193.1
0,30.0,2,201,393.5
0,30.0,2,201,624.4
0,30.0,2,201,282.9
0,30.0,2,201,343.8
0,30.0,2,201,306.0
0,30.0,2,201,255.1
0,30.0,2,201,237.2
0,30.0,2,201,237.8
0,30.0,2,201,359.1
0,30.0,2,201,388.2
0,30.0,2,201,283.5
0,30.0,2,201,283.9
0,30.0,2,201,229.3
0,30.0,2,201,327.7
0,30.0,2,201,292.0
0,30.0,2,201,249.0
0,30.0,2,201,180.8
0,30.0,2,201,323.2
0,30.0,2,201,231.4
0,30.0,2,201,138.6
0,30.0,2,201,148.3
0,30.0,2,201,229.9
0,30.0,2,201,122.2
500,1.0,2,201,1073.2
500,1.0,2,201,1071.2
500,1.0,2,201,1076.8
500,1.0,2,201,1073.7
500,1.0,2,201,1071.0
500,1.0,2,201,1077.0
500,1.0,2,201,1081.1
500,1.0,2,201,1094.4
500,1.0,2,503,1278.5
500,1.0,2,503,1246.3
500,1.0,2,201,1089.2
500,1.0,2,201,1081.5
500,1.0,2,201,1084.7
500,1.0,2,201,1273.7
500,1.0,2,201,1307.1
500,1.0,2,201,1295.9
500,1.0,2,503,1279.3
500,1.0,2,503,1245.6
500,1.0,2,201,1293.6
500,1.0,2,503,1282.6
500,1.0,2,503,1272.4
500,1.0,2,201,1247.0
500,1.0,2,503,1282.0
500,1.0,2,503,1268.9
500,1.0,2,201,1283.2
500,1.0,2,503,1269.6
500,1.0,2,503,1224.5
500,1.0,2,503,1636.2
500,1.0,2,503,1226.9
500,1.0,2,503,1241.1
500,1.0,2,503,1245.9
500,1.0,2,503,1242.6
500,1.0,2,201,1296.3
500,1.0,2,201,1276.1
500,1.0,2,503,1263.0
500,1.0,2,503,1258.3
500,1.0,2,503,1234.0
500,1.0,2,503,1247.9
500,1.0,2,503,1627.4
500,1.0,2,503,1251.0
500,1.0,2,503,1243.2
500,1.0,2,503,1237.2
500,1.0,2,503,1521.4
500,1.0,2,503,1648.4
500,1.0,2,503,1712.9
500,1.0,2,503,1651.7
500,1.0,2,503,1682.4
500,1.0,2,503,1713.8
500,1.0,2,503,1694.9
500,1.0,2,503,1696.6
500,1.0,2,503,1046.3
500,1.0,2,503,1095.8
500,1.0,2,503,1101.7
500,1.0,2,503,1122.3
500,1.0,2,503,1126.3
500,1.0,2,503,1156.0
500,1.0,2,503,1165.8
500,1.0,2,503,1165.6
500,1.0,2,503,1176.0
500,1.0,2,503,1186.1
500,1.0,2,503,1191.8
500,1.0,2,503,1138.0
500,1.0,2,503,1147.5
500,1.0,2,503,1151.8
500,1.0,2,503,1164.4
500,1.0,2,503,1168.4
500,1.0,2,503,1125.7
500,1.0,2,503,1168.9
500,1.0,2,503,1137.7
500,1.0,2,503,1147.2
500,1.0,2,503,1396.8
500,1.0,2,503,1147.1
500,1.0,2,503,1130.8
500,1.0,2,503,1142.9
500,1.0,2,503,1152.4
500,1.0,2,503,1104.1
500,1.0,2,503,1118.9
500,1.0,2,503,1144.8
500,1.0,2,503,1405.5
500,1.0,2,503,1124.8
500,1.0,2,503,1409.7
500,1.0,2,503,1144.1
500,1.0,2,503,1132.7
500,1.0,2,503,1367.6
500,1.0,2,503,1453.6
500,1.0,2,503,1431.8
500,1.0,2,503,1264.2
500,1.0,2,503,1462.8
500,1.0,2,503,1435.5
500,1.0,2,503,1437.1
500,1.0,2,503,1567.5
500,1.0,2,503,1511.3
500,1.0,2,503,1516.2
500,1.0,2,503,1511.9
500,1.0,2,503,1514.2
500,1.0,2,503,1510.7
500,1.0,2,503,1508.9
500,1.0,2,503,1509.7
500,1.0,2,503,1515.5
500,1.0,2,503,1521.2
500,1.0,2,503,1181.9
500,1.0,2,503,1264.5
500,1.0,2,503,1251.3
500,1.0,2,503,1237.5
500,1.0,2,503,1241.6
500,1.0,2,503,1228.4
500,1.0,2,503,1229.1
500,1.0,2,503,1222.5
500,1.0,2,503,1201.7
500,1.0,2,503,1220.0
500,1.0,2,503,1216.1
500,1.0,2,503,1126.5
500,1.0,2,503,1123.5
500,1.0,2,503,1134.5
500,1.0,2,503,1131.7
500,1.0,2,503,1116.7
500,1.0,2,503,1109.9
500,1.0,2,503,1114.9
500,1.0,2,503,1112.1
500,1.0,2,503,1270.6
500,1.0,2,503,1156.2
500,1.0,2,503,1249.3
500,1.0,2,503,1282.6
500,1.0,2,503,1100.3
500,1.0,2,503,1271.8
500,1.0,2,503,1312.8
500,1.0,2,503,1331.2
500,1.0,2,503,1340.9
500,1.0,2,503,1332.8
500,1.0,2,503,1316.8
500,1.0,2,503,1579.5
500,1.0,2,503,1513.9
500,1.0,2,503,1514.0
500,1.0,2,503,1522.2
500,1.0,2,503,1505.7
500,1.0,2,503,1510.0
500,1.0,2,503,1513.0
500,1.0,2,503,1508.5
500,1.0,2,503,1515.1
500,1.0,2,503,1521.6
500,1.0,2,503,1176.6
500,1.0,2,503,1283.5
500,1.0,2,503,1271.9
500,1.0,2,503,1250.5
500,1.0,2,503,1242.4
500,1.0,2,503,1229.2
500,1.0,2,503,1219.8
500,1.0,2,503,1223.2
500,1.0,2,503,1234.3
500,1.0,2,503,1201.1
500,2.0,2,201,1039.2
500,2.0,2,201,1042.0
500,2.0,2,201,1040.5
500,2.0,2,201,1042.1
500,2.0,2,201,1047.2
500,2.0,2,201,1042.5
500,2.0,2,201,1374.0
500,2.0,2,503,2230.6
500,2.0,2,503,2242.6
500,2.0,2,201,1047.7
500,2.0,2,503,2235.4
500,2.0,2,201,1878.4
500,2.0,2,503,2239.4
500,2.0,2,201,1846.0
500,2.0,2,201,1379.7
500,2.0,2,201,2214.4
500,2.0,2,503,2226.6
500,2.0,2,201,1369.7
500,2.0,2,201,1843.6
500,2.0,2,201,2221.9
500,2.0,2,201,1351.7
500,2.0,2,503,2222.9
500,2.0,2,503,2218.6
500,2.0,2,201,1354.7
500,2.0,2,201,2226.2
500,2.0,2,201,2203.5
500,2.0,2,201,2194.3
500,2.0,2,201,1023.0
500,2.0,2,201,2193.2
500,2.0,2,201,1015.5
500,2.0,2,503,2207.8
500,2.0,2,201,1337.3
500,2.0,2,201,1346.6
500,2.0,2,201,1003.3
500,2.0,2,201,1338.7
500,2.0,2,201,1332.8
500,2.0,2,201,1016.0
500,2.0,2,503,2203.4
500,2.0,2,201,2174.0
500,2.0,2,503,2660.5
500,2.0,2,503,2170.7
500,2.0,2,503,2476.9
500,2.0,2,503,2593.0
500,2.0,2,503,2658.6
500,2.0,2,503,2651.6
500,2.0,2,503,2602.0
500,2.0,2,503,2628.6
500,2.0,2,503,2670.7
500,2.0,2,503,2615.7
500,2.0,2,503,2658.7
500,2.0,2,503,2042.7
500,2.0,2,503,2120.4
500,2.0,2,503,2132.3
500,2.0,2,503,2235.5
500,2.0,2,503,2245.7
500,2.0,2,503,2300.2
500,2.0,2,503,2253.2
500,2.0,2,503,2269.5
500,2.0,2,503,2276.9
500,2.0,2,503,2797.8
500,2.0,2,503,2341.9
500,2.0,2,503,2508.1
500,2.0,2,503,2515.4
500,2.0,2,201,2508.4
500,2.0,2,201,2911.7
500,2.0,2,201,2918.6
500,2.0,2,503,2510.8
500,2.0,2,503,2519.9
500,2.0,2,503,2515.3
500,2.0,2,503,2519.7
500,2.0,2,503,2429.9
500,2.0,2,503,2424.0
500,2.0,2,503,2416.6
500,2.0,2,503,2098.7
500,2.0,2,503,2084.2
500,2.0,2,503,2087.9
500,2.0,2,503,2097.4
500,2.0,2,503,2105.2
500,2.0,2,503,2097.9
500,2.0,2,503,2098.6
500,2.0,2,503,2448.3
500,2.0,2,503,2413.5
500,2.0,2,503,2294.3
500,2.0,2,503,2425.3
500,2.0,2,503,2455.8
500,2.0,2,503,2473.0
500,2.0,2,503,2480.1
500,2.0,2,503,2468.4
500,2.0,2,503,2491.3
500,2.0,2,503,2481.5
500,2.0,2,503,2563.7
500,2.0,2,503,2512.5
500,2.0,2,503,2513.0
500,2.0,2,503,2597.1
500,2.0,2,503,2597.0
500,2.0,2,503,2614.5
500,2.0,2,503,2593.6
500,2.0,2,503,2618.5
500,2.0,2,503,2621.2
500,2.0,2,503,2671.2
500,2.0,2,503,2791.8
500,2.0,2,503,2753.1
500,2.0,2,503,2751.0
500,2.0,2,201,2623.7
500,2.0,2,503,2628.3
500,2.0,2,503,2612.2
500,2.0,2,503,2605.8
500,2.0,2,503,2600.7
500,2.0,2,503,2585.8
500,2.0,2,503,2525.4
500,2.0,2,503,2462.3
500,2.0,2,503,2519.3
500,2.0,2,503,2511.4
500,2.0,2,503,2508.8
500,2.0,2,503,2506.0
500,2.0,2,503,2500.5
500,2.0,2,503,2501.6
500,2.0,2,503,2497.5
500,2.0,2,503,2125.1
500,2.0,2,503,2122.5
500,2.0,2,503,2368.1
500,2.0,2,503,2424.9
500,2.0,2,503,2238.5
500,2.0,2,503,2363.8
500,2.0,2,503,2378.3
500,2.0,2,503,2382.7
500,2.0,2,503,2398.1
500,2.0,2,503,2410.8
500,2.0,2,503,2396.8
500,2.0,2,503,2409.9
500,2.0,2,503,2581.2
500,2.0,2,503,2511.9
500,2.0,2,503,2511.4
500,2.0,2,503,2595.7
500,2.0,2,503,2594.1
500,2.0,2,503,2621.6
500,2.0,2,503,2590.5
500,2.0,2,503,2602.1
500,2.0,2,503,2675.1
500,2.0,2,503,2611.7
500,2.0,2,503,2779.5
500,2.0,2,201,2745.8
500,2.0,2,503,2738.3
500,2.0,2,503,2634.5
500,2.0,2,503,2625.5
500,2.0,2,503,2617.2
500,2.0,2,503,2606.4
500,2.0,2,503,2598.2
500,2.0,2,503,2585.9
500,2.0,2,503,2526.3
500,30.0,2,201,1044.0
500,30.0,2,201,1044.9
500,30.0,2,201,1044.2
500,30.0,2,201,1044.8
500,30.0,2,201,1046.3
500,30.0,2,201,1049.6
500,30.0,2,201,1055.9
500,30.0,2,201,1057.8
500,30.0,2,201,1060.4
500,30.0,2,201,1167.3
500,30.0,2,201,1049.6
500,30.0,2,201,1059.6
500,30.0,2,201,1168.9
500,30.0,2,201,1600.3
500,30.0,2,201,1600.0
500,30.0,2,201,1610.9
500,30.0,2,201,2605.9
500,30.0,2,201,1600.5
500,30.0,2,201,1596.5
500,30.0,2,201,1596.3
500,30.0,2,201,1598.3
500,30.0,2,201,1595.2
500,30.0,2,201,2030.2
500,30.0,2,201,1602.5
500,30.0,2,201,2028.0
500,30.0,2,201,2596.3
500,30.0,2,201,2029.6
500,30.0,2,201,2106.4
500,30.0,2,201,2112.4
500,30.0,2,201,2158.9
500,30.0,2,201,2102.7
500,30.0,2,201,1606.6
500,30.0,2,201,2108.2
500,30.0,2,201,2022.1
500,30.0,2,201,2617.8
500,30.0,2,201,2614.0
500,30.0,2,201,2659.7
500,30.0,2,201,2017.0
500,30.0,2,201,2619.8
500,30.0,2,201,2518.0
500,30.0,2,201,2656.9
500,30.0,2,201,2627.7
500,30.0,2,201,2578.2
500,30.0,2,201,2604.1
500,30.0,2,201,3016.7
500,30.0,2,201,3015.1
500,30.0,2,201,2613.1
500,30.0,2,201,2084.0
500,30.0,2,201,3012.9
500,30.0,2,201,2098.5
500,30.0,2,201,2128.6
500,30.0,2,201,2130.6
500,30.0,2,201,2131.1
500,30.0,2,201,2133.6
500,30.0,2,201,2134.1
500,30.0,2,201,2141.2
500,30.0,2,201,2148.9
500,30.0,2,201,2501.1
500,30.0,2,201,2500.4
500,30.0,2,201,2496.1
500,30.0,2,201,2498.1
500,30.0,2,201,2505.5
500,30.0,2,201,2502.3
500,30.0,2,201,2072.0
500,30.0,2,201,2072.8
500,30.0,2,201,2080.3
500,30.0,2,201,2088.4
500,30.0,2,201,2090.5
500,30.0,2,201,2517.0
500,30.0,2,201,2516.7
500,30.0,2,201,2513.5
500,30.0,2,201,2511.8
500,30.0,2,201,2576.1
500,30.0,2,201,2162.4
500,30.0,2,201,2163.0
500,30.0,2,201,2162.4
500,30.0,2,201,2162.9
500,30.0,2,201,2196.2
500,30.0,2,201,2121.7
500,30.0,2,201,2547.9
500,30.0,2,201,2549.3
500,30.0,2,201,2545.2
500,30.0,2,201,2545.8
500,30.0,2,201,2797.4
500,30.0,2,201,2671.0
500,30.0,2,201,2303.2
500,30.0,2,201,2241.1
500,30.0,2,201,2324.7
500,30.0,2,201,2242.6
500,30.0,2,201,2216.0
500,30.0,2,201,2536.7
500,30.0,2,201,2534.4
500,30.0,2,201,2529.7
500,30.0,2,201,2529.4
500,30.0,2,201,2729.0
500,30.0,2,201,2702.9
500,30.0,2,201,2705.8
500,30.0,2,201,2340.1
500,30.0,2,201,2340.9
500,30.0,2,201,2523.9
500,30.0,2,201,2410.4
500,30.0,2,201,2528.0
500,30.0,2,201,2526.8
500,30.0,2,201,2523.5
500,30.0,2,201,2521.5
500,30.0,2,201,2757.1
500,30.0,2,201,2746.9
500,30.0,2,201,2391.7
500,30.0,2,201,2393.5
500,30.0,2,201,2390.5
500,30.0,2,201,2515.2
500,30.0,2,201,2467.4
500,30.0,2,201,2505.9
500,30.0,2,201,2508.3
500,30.0,2,201,2522.5
500,30.0,2,201,2662.9
500,30.0,2,201,2667.1
500,30.0,2,201,2661.5
500,30.0,2,201,2268.7
500,30.0,2,201,2324.6
500,30.0,2,201,2452.7
500,30.0,2,201,2516.7
500,30.0,2,201,2482.8
500,30.0,2,201,2485.8
500,30.0,2,201,2499.9
500,30.0,2,201,2645.4
500,30.0,2,201,2651.2
500,30.0,2,201,2622.8
500,30.0,2,201,2652.7
500,30.0,2,201,2517.3
500,30.0,2,201,2279.8
500,30.0,2,201,2408.6
500,30.0,2,201,2472.5
500,30.0,2,201,2345.0
500,30.0,2,201,2356.9
500,30.0,2,201,2515.9
500,30.0,2,201,2502.1
500,30.0,2,201,2507.3
500,30.0,2,201,2464.6
500,30.0,2,201,2520.4
500,30.0,2,201,2412.6
500,30.0,2,201,2476.0
500,30.0,2,201,2512.9
500,30.0,2,201,2518.1
500,30.0,2,201,2323.0
500,30.0,2,201,2515.5
500,30.0,2,201,2471.1
500,30.0,2,201,2479.1
500,30.0,2,201,2482.1
500,30.0,2,201,2386.6
1000,1.0,2,503,1063.7
1000,1.0,2,503,1083.3
1000,1.0,2,503,1073.5
1000,1.0,2,503,1087.6
1000,1.0,2,503,1097.7
1000,1.0,2,503,1094.1
1000,1.0,2,503,1093.0
1000,1.0,2,503,1093.6
1000,1.0,2,503,1099.2
1000,1.0,2,503,1112.7
1000,1.0,2,503,1098.9
1000,1.0,2,503,1105.9
1000,1.0,2,503,1126.6
1000,1.0,2,503,1119.5
1000,1.0,2,503,1130.2
1000,1.0,2,503,1113.5
1000,1.0,2,503,1119.3
1000,1.0,2,503,1131.4
1000,1.0,2,503,1110.5
1000,1.0,2,503,1122.6
1000,1.0,2,503,1136.8
1000,1.0,2,503,1159.4
1000,1.0,2,503,1152.0
1000,1.0,2,503,1152.4
1000,1.0,2,503,1160.0
1000,1.0,2,503,1153.4
1000,1.0,2,503,1147.9
1000,1.0,2,503,1148.2
1000,1.0,2,503,1157.3
1000,1.0,2,503,1136.9
1000,1.0,2,503,1154.1
1000,1.0,2,503,1154.3
1000,1.0,2,503,2050.6
1000,1.0,2,503,1139.8
1000,1.0,2,503,1141.2
1000,1.0,2,503,1137.8
1000,1.0,2,503,1148.8
1000,1.0,2,503,1143.6
1000,1.0,2,503,1153.6
1000,1.0,2,503,1133.3
1000,1.0,2,503,1120.8
1000,1.0,2,503,2056.6
1000,1.0,2,503,2064.3
1000,1.0,2,503,2096.7
1000,1.0,2,503,2095.2
1000,1.0,2,503,2089.7
1000,1.0,2,503,2095.6
1000,1.0,2,503,2097.3
1000,1.0,2,503,2098.1
1000,1.0,2,503,2102.6
1000,1.0,2,503,1068.4
1000,1.0,2,503,1059.3
1000,1.0,2,503,1053.0
1000,1.0,2,503,1072.7
1000,1.0,2,503,1133.6
1000,1.0,2,503,1161.7
1000,1.0,2,503,1133.6
1000,1.0,2,503,1142.8
1000,1.0,2,503,1138.2
1000,1.0,2,503,1129.8
1000,1.0,2,503,1137.1
1000,1.0,2,503,1130.1
1000,1.0,2,503,1123.0
1000,1.0,2,503,1129.2
1000,1.0,2,503,1110.0
1000,1.0,2,503,1128.2
1000,1.0,2,503,1134.3
1000,1.0,2,503,1121.5
1000,1.0,2,503,1100.6
1000,1.0,2,503,1121.8
1000,1.0,2,503,1113.9
1000,1.0,2,503,1118.9
1000,1.0,2,503,1107.8
1000,1.0,2,503,1113.5
1000,1.0,2,503,1936.6
1000,1.0,2,503,1095.2
1000,1.0,2,503,1959.5
1000,1.0,2,503,1097.7
1000,1.0,2,503,1099.3
1000,1.0,2,503,1908.3
1000,1.0,2,503,1104.0
1000,1.0,2,503,1964.3
1000,1.0,2,503,1094.4
1000,1.0,2,503,1915.1
1000,1.0,2,503,1088.8
1000,1.0,2,503,1959.5
1000,1.0,2,503,1972.0
1000,1.0,2,503,1959.3
1000,1.0,2,503,1967.9
1000,1.0,2,503,1964.1
1000,1.0,2,503,1086.0
1000,1.0,2,503,1075.8
1000,1.0,2,503,1064.9
1000,1.0,2,503,1053.7
1000,1.0,2,503,1115.7
1000,1.0,2,503,1124.9
1000,1.0,2,503,1124.8
1000,1.0,2,503,1125.1
1000,1.0,2,503,1129.3
1000,1.0,2,503,1128.7
1000,1.0,2,503,1128.1
1000,1.0,2,503,1123.2
1000,1.0,2,503,1125.5
1000,1.0,2,503,1169.7
1000,1.0,2,503,1084.7
1000,1.0,2,503,1094.5
1000,1.0,2,503,1082.4
1000,1.0,2,503,1075.0
1000,1.0,2,503,1093.6
1000,1.0,2,503,1882.2
1000,1.0,2,503,1076.4
1000,1.0,2,503,1088.8
1000,1.0,2,503,1076.2
1000,1.0,2,503,1085.8
1000,1.0,2,503,1074.6
1000,1.0,2,503,1883.8
1000,1.0,2,503,1072.4
1000,1.0,2,503,1840.7
1000,1.0,2,503,1063.2
1000,1.0,2,503,1072.6
1000,1.0,2,503,1883.1
1000,1.0,2,503,1073.9
1000,1.0,2,503,1815.1
1000,1.0,2,503,1066.7
1000,1.0,2,503,1066.3
1000,1.0,2,503,1823.8
1000,1.0,2,503,1873.7
1000,1.0,2,503,1886.5
1000,1.0,2,503,1877.8
1000,1.0,2,503,1884.7
1000,1.0,2,503,1103.6
1000,1.0,2,503,1089.0
1000,1.0,2,503,1083.1
1000,1.0,2,503,1058.0
1000,1.0,2,503,1121.1
1000,1.0,2,503,1109.3
1000,1.0,2,503,1129.5
1000,1.0,2,503,1117.4
1000,1.0,2,503,1116.2
1000,1.0,2,503,1117.1
1000,1.0,2,503,1112.3
1000,1.0,2,503,1113.9
1000,1.0,2,503,1114.4
1000,1.0,2,503,1167.2
1000,1.0,2,503,1106.6
1000,1.0,2,503,1101.7
1000,1.0,2,503,1097.8
1000,1.0,2,503,1098.0
1000,1.0,2,503,1091.2
1000,1.0,2,503,1088.0
1000,2.0,2,201,2090.0
1000,2.0,2,201,2090.6
1000,2.0,2,201,2091.3
1000,2.0,2,201,2095.6
1000,2.0,2,201,2093.3
1000,2.0,2,503,2128.7
1000,2.0,2,201,2096.9
1000,2.0,2,503,2124.5
1000,2.0,2,201,2099.4
1000,2.0,2,201,2095.8
1000,2.0,2,503,2124.3
1000,2.0,2,201,2098.2
1000,2.0,2,503,2130.0
1000,2.0,2,503,2131.6
1000,2.0,2,201,2085.7
1000,2.0,2,201,2089.3
1000,2.0,2,201,2092.8
1000,2.0,2,503,2153.9
1000,2.0,2,503,2172.1
1000,2.0,2,503,2157.5
1000,2.0,2,503,2138.5
1000,2.0,2,503,2139.0
1000,2.0,2,503,2156.3
1000,2.0,2,503,2146.9
1000,2.0,2,503,2150.8
1000,2.0,2,503,2159.7
1000,2.0,2,503,2138.9
1000,2.0,2,503,2156.9
1000,2.0,2,503,2155.7
1000,2.0,2,503,2160.8
1000,2.0,2,503,2163.3
1000,2.0,2,503,2153.7
1000,2.0,2,503,2126.6
1000,2.0,2,503,2123.2
1000,2.0,2,503,2151.6
1000,2.0,2,503,2147.3
1000,2.0,2,503,2149.5
1000,2.0,2,503,2160.4
1000,2.0,2,503,2144.9
1000,2.0,2,503,2156.7
1000,2.0,2,503,3076.6
1000,2.0,2,503,3066.3
1000,2.0,2,503,3179.6
1000,2.0,2,503,3131.4
1000,2.0,2,503,3185.7
1000,2.0,2,503,3190.0
1000,2.0,2,503,3247.4
1000,2.0,2,503,3146.3
1000,2.0,2,503,3236.9
1000,2.0,2,503,3171.6
1000,2.0,2,503,2028.2
1000,2.0,2,503,2026.5
1000,2.0,2,503,2121.6
1000,2.0,2,503,2049.9
1000,2.0,2,503,2039.5
1000,2.0,2,503,2044.4
1000,2.0,2,503,2044.6
1000,2.0,2,503,2045.4
1000,2.0,2,503,2055.6
1000,2.0,2,503,2055.2
1000,2.0,2,503,2068.7
1000,2.0,2,503,2065.6
1000,2.0,2,503,2101.5
1000,2.0,2,503,2101.2
1000,2.0,2,503,2103.5
1000,2.0,2,503,2090.5
1000,2.0,2,503,2089.6
1000,2.0,2,503,2110.8
1000,2.0,2,503,2090.6
1000,2.0,2,503,2089.2
1000,2.0,2,503,2096.9
1000,2.0,2,503,2092.1
1000,2.0,2,503,2094.8
1000,2.0,2,503,2089.3
1000,2.0,2,503,2084.5
1000,2.0,2,503,2078.8
1000,2.0,2,503,2089.0
1000,2.0,2,503,2083.3
1000,2.0,2,503,2923.5
1000,2.0,2,503,2089.2
1000,2.0,2,503,3042.9
1000,2.0,2,503,2078.5
1000,2.0,2,503,3030.8
1000,2.0,2,503,3003.6
1000,2.0,2,503,2927.9
1000,2.0,2,503,3028.7
1000,2.0,2,503,2979.9
1000,2.0,2,503,3086.7
1000,2.0,2,503,3038.1
1000,2.0,2,503,3099.1
1000,2.0,2,503,3039.3
1000,2.0,2,503,3037.5
1000,2.0,2,503,2996.3
1000,2.0,2,503,2956.8
1000,2.0,2,503,2954.2
1000,2.0,2,503,2963.2
1000,2.0,2,503,2947.4
1000,2.0,2,503,2944.3
1000,2.0,2,503,2900.9
1000,2.0,2,503,2903.5
1000,2.0,2,503,2063.2
1000,2.0,2,503,2100.0
1000,2.0,2,503,2109.9
1000,2.0,2,503,2106.8
1000,2.0,2,503,2104.4
1000,2.0,2,503,2108.0
1000,2.0,2,503,2110.7
1000,2.0,2,503,2103.8
1000,2.0,2,503,2097.8
1000,2.0,2,503,2125.5
1000,2.0,2,503,2095.2
1000,2.0,2,503,2082.8
1000,2.0,2,503,2061.5
1000,2.0,2,503,2066.5
1000,2.0,2,503,2063.0
1000,2.0,2,503,2059.6
1000,2.0,2,503,2065.6
1000,2.0,2,503,2062.4
1000,2.0,2,503,2060.9
1000,2.0,2,503,2862.1
1000,2.0,2,503,2977.7
1000,2.0,2,503,2053.5
1000,2.0,2,503,2914.3
1000,2.0,2,503,2846.8
1000,2.0,2,503,2966.5
1000,2.0,2,503,2955.4
1000,2.0,2,503,2927.5
1000,2.0,2,503,2956.9
1000,2.0,2,503,3015.0
1000,2.0,2,503,3030.6
1000,2.0,2,503,3045.9
1000,2.0,2,503,3036.1
1000,2.0,2,503,2998.7
1000,2.0,2,503,2962.8
1000,2.0,2,503,2960.1
1000,2.0,2,503,2961.9
1000,2.0,2,503,2953.3
1000,2.0,2,503,2952.0
1000,2.0,2,503,2903.3
1000,2.0,2,503,2899.7
1000,2.0,2,503,2058.6
1000,2.0,2,503,2092.2
1000,2.0,2,503,2117.5
1000,2.0,2,503,2101.6
1000,2.0,2,503,2102.6
1000,2.0,2,503,2096.8
1000,2.0,2,503,2100.2
1000,2.0,2,503,2095.7
1000,2.0,2,503,2096.3
1000,2.0,2,503,2094.1
1000,30.0,2,201,2027.5
1000,30.0,2,201,2027.9
1000,30.0,2,201,2028.5
1000,30.0,2,201,2029.2
1000,30.0,2,201,3144.7
1000,30.0,2,201,2030.3
1000,30.0,2,201,2028.8
1000,30.0,2,201,3029.5
1000,30.0,2,201,2036.9
1000,30.0,2,201,2034.4
1000,30.0,2,201,2030.4
1000,30.0,2,201,3123.1
1000,30.0,2,201,3133.4
1000,30.0,2,201,2031.4
1000,30.0,2,201,2163.5
1000,30.0,2,201,2035.6
1000,30.0,2,201,5058.4
1000,30.0,2,201,4190.7
1000,30.0,2,201,3118.9
1000,30.0,2,201,3122.2
1000,30.0,2,201,4138.8
1000,30.0,2,201,3135.8
1000,30.0,2,201,3140.3
1000,30.0,2,201,4130.4
1000,30.0,2,201,4159.9
1000,30.0,2,201,4123.9
1000,30.0,2,201,3143.5
1000,30.0,2,201,4049.1
1000,30.0,2,201,4184.0
1000,30.0,2,201,3120.7
1000,30.0,2,201,3114.4
1000,30.0,2,201,3116.5
1000,30.0,2,201,4140.8
1000,30.0,2,201,4050.0
1000,30.0,2,201,4179.1
1000,30.0,2,201,4047.8
1000,30.0,2,201,4137.5
1000,30.0,2,201,4117.0
1000,30.0,2,201,5125.3
1000,30.0,2,201,5134.7
1000,30.0,2,201,4148.9
1000,30.0,2,201,5158.9
1000,30.0,2,201,5127.6
1000,30.0,2,201,5129.7
1000,30.0,2,201,5183.0
1000,30.0,2,201,5159.1
1000,30.0,2,201,5130.4
1000,30.0,2,201,5178.3
1000,30.0,2,201,5180.3
1000,30.0,2,201,5182.5
1000,30.0,2,201,4139.9
1000,30.0,2,201,4140.0
1000,30.0,2,201,4139.9
1000,30.0,2,201,4140.1
1000,30.0,2,201,4141.4
1000,30.0,2,201,4156.5
1000,30.0,2,201,4155.9
1000,30.0,2,201,5038.3
1000,30.0,2,201,5038.8
1000,30.0,2,201,5037.5
1000,30.0,2,201,5038.3
1000,30.0,2,201,5042.1
1000,30.0,2,201,4180.3
1000,30.0,2,201,4080.1
1000,30.0,2,201,4106.0
1000,30.0,2,201,4079.2
1000,30.0,2,201,5021.0
1000,30.0,2,201,4075.8
1000,30.0,2,201,4093.3
1000,30.0,2,201,5016.8
1000,30.0,2,201,5013.4
1000,30.0,2,201,5013.9
1000,30.0,2,201,5052.9
1000,30.0,2,201,5049.6
1000,30.0,2,201,4146.1
1000,30.0,2,201,4146.4
1000,30.0,2,201,4173.7
1000,30.0,2,201,5150.5
1000,30.0,2,201,4078.6
1000,30.0,2,201,4094.9
1000,30.0,2,201,5133.7
1000,30.0,2,201,5131.8
1000,30.0,2,201,5132.4
1000,30.0,2,201,5139.3
1000,30.0,2,201,5165.1
1000,30.0,2,201,5125.0
1000,30.0,2,201,5144.3
1000,30.0,2,201,5115.1
1000,30.0,2,201,4244.5
1000,30.0,2,201,4173.6
1000,30.0,2,201,5033.8
1000,30.0,2,201,5136.3
1000,30.0,2,201,5135.6
1000,30.0,2,201,5173.7
1000,30.0,2,201,5149.3
1000,30.0,2,201,5150.6
1000,30.0,2,201,5129.0
1000,30.0,2,201,5127.3
1000,30.0,2,201,5134.9
1000,30.0,2,201,5975.2
1000,30.0,2,201,5015.8
1000,30.0,2,201,5160.8
1000,30.0,2,201,5164.1
1000,30.0,2,201,5164.9
1000,30.0,2,201,5194.1
1000,30.0,2,201,5178.4
1000,30.0,2,201,5177.9
1000,30.0,2,201,4290.6
1000,30.0,2,201,4288.1
1000,30.0,2,201,4286.6
1000,30.0,2,201,5100.0
1000,30.0,2,201,4981.5
1000,30.0,2,201,5126.8
1000,30.0,2,201,4975.8
1000,30.0,2,201,5119.2
1000,30.0,2,201,5123.8
1000,30.0,2,201,5119.3
1000,30.0,2,201,5117.3
1000,30.0,2,201,4203.2
1000,30.0,2,201,4212.1
1000,30.0,2,201,5041.5
1000,30.0,2,201,5042.7
1000,30.0,2,201,5006.7
1000,30.0,2,201,5183.0
1000,30.0,2,201,5186.1
1000,30.0,2,201,5151.7
1000,30.0,2,201,5153.7
1000,30.0,2,201,5136.2
1000,30.0,2,201,5125.7
1000,30.0,2,201,4089.2
1000,30.0,2,201,4900.8
1000,30.0,2,201,4925.9
1000,30.0,2,201,4918.0
1000,30.0,2,201,5064.1
1000,30.0,2,201,5058.1
1000,30.0,2,201,5067.9
1000,30.0,2,201,5060.4
1000,30.0,2,201,5053.9
1000,30.0,2,201,5057.2
1000,30.0,2,201,5056.3
1000,30.0,2,201,5029.4
1000,30.0,2,201,4921.5
1000,30.0,2,201,4929.1
1000,30.0,2,201,5045.0
1000,30.0,2,201,5051.2
1000,30.0,2,201,5047.2
1000,30.0,2,201,5052.6
1000,30.0,2,201,5055.7
1000,30.0,2,201,5058.9
1000,30.0,2,201,4222.0
2000,1.0,2,503,1045.0
2000,1.0,2,503,1113.5
2000,1.0,2,503,1139.3
2000,1.0,2,503,1137.0
2000,1.0,2,503,1238.3
2000,1.0,2,503,1205.0
2000,1.0,2,503,1206.8
2000,1.0,2,503,1183.0
2000,1.0,2,503,1190.6
2000,1.0,2,503,1214.8
2000,1.0,2,503,1211.3
2000,1.0,2,503,1229.4
2000,1.0,2,503,1193.6
2000,1.0,2,503,1256.4
2000,1.0,2,503,1212.5
2000,1.0,2,503,1214.5
2000,1.0,2,503,1216.0
2000,1.0,2,503,1181.1
2000,1.0,2,503,1243.7
2000,1.0,2,503,1237.9
2000,1.0,2,503,1201.4
2000,1.0,2,503,1235.3
2000,1.0,2,503,1217.6
2000,1.0,2,503,1234.7
2000,1.0,2,503,1236.2
2000,1.0,2,503,1227.8
2000,1.0,2,503,1240.9
2000,1.0,2,503,1169.4
2000,1.0,2,503,1252.1
2000,1.0,2,503,1240.8
2000,1.0,2,503,1234.8
2000,1.0,2,503,1248.3
2000,1.0,2,503,1244.1
2000,1.0,2,503,1228.6
2000,1.0,2,503,1244.2
2000,1.0,2,503,1242.8
2000,1.0,2,503,2198.9
2000,1.0,2,503,1241.0
2000,1.0,2,503,1222.4
2000,1.0,2,503,1207.7
2000,1.0,2,503,2182.4
2000,1.0,2,503,2168.9
2000,1.0,2,503,1231.7
2000,1.0,2,503,2012.3
2000,1.0,2,503,2080.9
2000,1.0,2,503,2107.3
2000,1.0,2,503,2183.0
2000,1.0,2,503,2106.6
2000,1.0,2,503,2170.6
2000,1.0,2,503,2150.9
2000,1.0,2,503,1329.2
2000,1.0,2,503,1250.8
2000,1.0,2,503,1229.0
2000,1.0,2,503,1243.6
2000,1.0,2,503,1173.2
2000,1.0,2,503,1183.9
2000,1.0,2,503,1187.8
2000,1.0,2,503,1207.9
2000,1.0,2,503,1205.3
2000,1.0,2,503,1203.8
2000,1.0,2,503,1186.5
2000,1.0,2,503,1197.4
2000,1.0,2,503,1186.5
2000,1.0,2,503,1178.5
2000,1.0,2,503,1193.2
2000,1.0,2,503,1175.2
2000,1.0,2,503,1158.7
2000,1.0,2,503,1181.5
2000,1.0,2,503,1179.4
2000,1.0,2,503,1174.1
2000,1.0,2,503,1161.3
2000,1.0,2,503,1169.2
2000,1.0,2,503,1153.3
2000,1.0,2,503,1170.5
2000,1.0,2,503,1153.3
2000,1.0,2,503,1157.2
2000,1.0,2,503,1139.5
2000,1.0,2,503,1162.8
2000,1.0,2,503,1153.4
2000,1.0,2,503,1940.6
2000,1.0,2,503,1944.3
2000,1.0,2,503,1115.0
2000,1.0,2,503,1951.0
2000,1.0,2,503,1786.1
2000,1.0,2,503,1955.8
2000,1.0,2,503,1878.7
2000,1.0,2,503,1961.3
2000,1.0,2,503,1879.6
2000,1.0,2,503,1849.5
2000,1.0,2,503,1943.7
2000,1.0,2,503,1346.2
2000,1.0,2,503,1274.6
2000,1.0,2,503,1246.9
2000,1.0,2,503,1250.3
2000,1.0,2,503,1211.4
2000,1.0,2,503,1207.6
2000,1.0,2,503,1201.0
2000,1.0,2,503,1205.2
2000,1.0,2,503,1195.7
2000,1.0,2,503,1199.3
2000,1.0,2,503,1099.0
2000,1.0,2,503,1098.6
2000,1.0,2,503,1098.1
2000,1.0,2,503,1107.1
2000,1.0,2,503,1111.6
2000,1.0,2,503,1122.2
2000,1.0,2,503,1097.9
2000,1.0,2,503,1092.1
2000,1.0,2,503,1106.4
2000,1.0,2,503,1091.1
2000,1.0,2,503,1094.4
2000,1.0,2,503,1084.1
2000,1.0,2,503,1098.0
2000,1.0,2,503,1072.2
2000,1.0,2,503,1096.9
2000,1.0,2,503,1067.2
2000,1.0,2,503,1089.6
2000,1.0,2,503,1092.6
2000,1.0,2,503,1091.7
2000,1.0,2,503,1086.7
2000,1.0,2,503,1646.2
2000,1.0,2,503,1797.6
2000,1.0,2,503,1743.0
2000,1.0,2,503,1713.2
2000,1.0,2,503,1806.8
2000,1.0,2,503,1807.6
2000,1.0,2,503,1813.9
2000,1.0,2,503,1786.6
2000,1.0,2,503,1737.7
2000,1.0,2,503,1822.5
2000,1.0,2,503,1349.2
2000,1.0,2,503,1280.8
2000,1.0,2,503,1258.7
2000,1.0,2,503,1260.7
2000,1.0,2,503,1216.5
2000,1.0,2,503,1214.1
2000,1.0,2,503,1206.2
2000,1.0,2,503,1212.2
2000,1.0,2,503,1209.5
2000,1.0,2,503,1214.5
2000,1.0,2,503,1071.6
2000,1.0,2,503,1079.8
2000,1.0,2,503,1085.0
2000,1.0,2,503,1091.5
2000,1.0,2,503,1085.5
2000,1.0,2,503,1084.7
2000,1.0,2,503,1086.6
2000,1.0,2,503,1083.6
2000,1.0,2,503,1081.8
2000,1.0,2,503,1073.3
2000,2.0,2,503,2029.6
2000,2.0,2,503,2081.9
2000,2.0,2,503,2121.0
2000,2.0,2,503,2084.6
2000,2.0,2,503,2086.5
2000,2.0,2,503,2114.3
2000,2.0,2,503,2130.5
2000,2.0,2,503,2115.3
2000,2.0,2,503,2102.8
2000,2.0,2,503,2126.5
2000,2.0,2,503,2110.0
2000,2.0,2,503,2114.3
2000,2.0,2,503,2169.5
2000,2.0,2,503,2156.8
2000,2.0,2,503,2158.2
2000,2.0,2,503,2168.9
2000,2.0,2,503,2158.4
2000,2.0,2,503,2165.3
2000,2.0,2,503,2181.8
2000,2.0,2,503,2133.9
2000,2.0,2,503,2149.3
2000,2.0,2,503,2142.7
2000,2.0,2,503,2175.0
2000,2.0,2,503,2128.1
2000,2.0,2,503,2167.9
2000,2.0,2,503,2128.8
2000,2.0,2,503,2131.1
2000,2.0,2,503,2154.2
2000,2.0,2,503,2165.1
2000,2.0,2,503,2126.2
2000,2.0,2,503,2176.3
2000,2.0,2,503,2153.9
2000,2.0,2,503,2145.0
2000,2.0,2,503,2167.7
2000,2.0,2,503,2160.2
2000,2.0,2,503,2169.8
2000,2.0,2,503,2171.1
2000,2.0,2,503,2162.9
2000,2.0,2,503,2173.1
2000,2.0,2,503,2171.8
2000,2.0,2,503,4013.6
2000,2.0,2,503,4110.5
2000,2.0,2,503,4117.0
2000,2.0,2,503,4065.0
2000,2.0,2,503,4088.2
2000,2.0,2,503,4103.2
2000,2.0,2,503,4070.3
2000,2.0,2,503,4066.2
2000,2.0,2,503,4102.7
2000,2.0,2,503,4095.9
2000,2.0,2,503,2227.8
2000,2.0,2,503,2169.1
2000,2.0,2,503,2178.0
2000,2.0,2,503,2165.5
2000,2.0,2,503,2142.0
2000,2.0,2,503,2152.3
2000,2.0,2,503,2146.3
2000,2.0,2,503,2142.4
2000,2.0,2,503,2130.0
2000,2.0,2,503,2136.3
2000,2.0,2,503,2149.8
2000,2.0,2,503,2148.3
2000,2.0,2,503,2130.3
2000,2.0,2,503,2152.6
2000,2.0,2,503,2143.2
2000,2.0,2,503,2144.6
2000,2.0,2,503,2135.8
2000,2.0,2,503,2141.1
2000,2.0,2,503,2109.1
2000,2.0,2,503,2124.7
2000,2.0,2,503,3874.4
2000,2.0,2,503,2124.9
2000,2.0,2,503,2126.1
2000,2.0,2,503,2126.9
2000,2.0,2,503,3926.7
2000,2.0,2,503,2115.1
2000,2.0,2,503,2123.6
2000,2.0,2,503,2099.7
2000,2.0,2,503,2120.5
2000,2.0,2,503,2102.0
2000,2.0,2,503,3910.9
2000,2.0,2,503,2116.8
2000,2.0,2,503,2087.3
2000,2.0,2,503,3913.0
2000,2.0,2,503,3937.0
2000,2.0,2,503,3946.5
2000,2.0,2,503,3952.4
2000,2.0,2,503,3923.1
2000,2.0,2,503,3939.9
2000,2.0,2,503,3937.7
2000,2.0,2,503,2256.1
2000,2.0,2,503,2209.5
2000,2.0,2,503,2207.9
2000,2.0,2,503,2206.8
2000,2.0,2,503,2204.8
2000,2.0,2,503,2191.6
2000,2.0,2,503,2188.2
2000,2.0,2,503,2213.2
2000,2.0,2,503,2213.8
2000,2.0,2,503,2185.4
2000,2.0,2,503,2089.9
2000,2.0,2,503,2098.5
2000,2.0,2,503,2109.2
2000,2.0,2,503,2095.9
2000,2.0,2,503,2104.8
2000,2.0,2,503,2110.9
2000,2.0,2,503,2102.8
2000,2.0,2,503,2101.9
2000,2.0,2,503,2093.3
2000,2.0,2,503,2087.7
2000,2.0,2,503,2102.8
2000,2.0,2,503,2100.5
2000,2.0,2,503,2097.1
2000,2.0,2,503,2079.8
2000,2.0,2,503,3839.0
2000,2.0,2,503,2086.7
2000,2.0,2,503,2090.4
2000,2.0,2,503,2086.3
2000,2.0,2,503,3815.5
2000,2.0,2,503,2086.5
2000,2.0,2,503,3816.7
2000,2.0,2,503,3752.9
2000,2.0,2,503,2070.2
2000,2.0,2,503,3802.7
2000,2.0,2,503,2078.1
2000,2.0,2,503,3842.7
2000,2.0,2,503,3833.7
2000,2.0,2,503,3849.2
2000,2.0,2,503,3837.2
2000,2.0,2,503,3841.7
2000,2.0,2,503,2276.4
2000,2.0,2,503,2224.1
2000,2.0,2,503,2217.4
2000,2.0,2,503,2216.5
2000,2.0,2,503,2212.6
2000,2.0,2,503,2201.5
2000,2.0,2,503,2195.8
2000,2.0,2,503,2211.9
2000,2.0,2,503,2192.8
2000,2.0,2,503,2199.5
2000,2.0,2,503,2064.2
2000,2.0,2,503,2060.2
2000,2.0,2,503,2058.4
2000,2.0,2,503,2066.6
2000,2.0,2,503,2060.7
2000,2.0,2,503,2059.3
2000,2.0,2,503,2061.2
2000,2.0,2,503,2056.2
2000,2.0,2,503,2039.3
2000,2.0,2,503,2038.8
2000,30.0,2,201,4046.2
2000,30.0,2,201,4046.8
2000,30.0,2,201,4048.6
2000,30.0,2,201,4046.8
2000,30.0,2,201,4062.7
2000,30.0,2,201,4048.8
2000,30.0,2,201,4050.3
2000,30.0,2,201,4051.4
2000,30.0,2,201,4054.2
2000,30.0,2,201,4051.8
2000,30.0,2,201,4058.1
2000,30.0,2,201,4155.0
2000,30.0,2,201,4054.3
2000,30.0,2,201,6090.9
2000,30.0,2,201,6091.3
2000,30.0,2,201,10052.7
2000,30.0,2,201,6080.8
2000,30.0,2,201,6114.0
2000,30.0,2,201,6102.5
2000,30.0,2,201,6104.0
2000,30.0,2,201,6090.1
2000,30.0,2,201,8098.2
2000,30.0,2,201,6115.2
2000,30.0,2,201,6091.8
2000,30.0,2,201,10048.7
2000,30.0,2,201,8082.4
2000,30.0,2,201,8083.7
2000,30.0,2,201,6108.5
2000,30.0,2,201,6088.2
2000,30.0,2,201,8100.7
2000,30.0,2,201,8108.9
2000,30.0,2,201,8116.7
2000,30.0,2,201,8091.2
2000,30.0,2,201,8128.5
2000,30.0,2,201,10102.5
2000,30.0,2,201,8114.7
2000,30.0,2,201,10130.2
2000,30.0,2,201,8037.0
2000,30.0,2,201,10110.5
2000,30.0,2,201,12085.8
2000,30.0,2,201,6095.7
2000,30.0,2,201,6147.0
2000,30.0,2,201,12083.4
2000,30.0,2,201,10099.5
2000,30.0,2,201,10040.2
2000,30.0,2,201,10127.2
2000,30.0,2,201,10076.4
2000,30.0,2,201,10094.3
2000,30.0,2,201,6084.6
2000,30.0,2,201,10125.7
2000,30.0,2,201,8060.8
2000,30.0,2,201,8061.1
2000,30.0,2,201,8091.7
2000,30.0,2,201,8091.8
2000,30.0,2,201,8089.5
2000,30.0,2,201,8089.8
2000,30.0,2,201,8123.8
2000,30.0,2,201,8124.6
2000,30.0,2,201,8123.8
2000,30.0,2,201,10056.9
2000,30.0,2,201,10050.3
2000,30.0,2,201,10050.7
2000,30.0,2,201,9958.5
2000,30.0,2,201,8092.8
2000,30.0,2,201,8085.3
2000,30.0,2,201,8081.5
2000,30.0,2,201,8156.2
2000,30.0,2,201,8082.2
2000,30.0,2,201,8153.9
2000,30.0,2,201,8149.5
2000,30.0,2,201,10027.0
2000,30.0,2,201,10025.7
2000,30.0,2,201,10025.4
2000,30.0,2,201,10020.1
2000,30.0,2,201,10081.3
2000,30.0,2,201,10077.8
2000,30.0,2,201,10037.8
2000,30.0,2,201,10019.7
2000,30.0,2,201,8110.8
2000,30.0,2,201,9978.9
2000,30.0,2,201,9970.1
2000,30.0,2,201,10046.0
2000,30.0,2,201,10041.2
2000,30.0,2,201,10032.0
2000,30.0,2,201,10076.2
2000,30.0,2,201,10024.7
2000,30.0,2,201,10063.7
2000,30.0,2,201,8149.3
2000,30.0,2,201,8149.4
2000,30.0,2,201,10086.3
2000,30.0,2,201,10050.6
2000,30.0,2,201,10063.8
2000,30.0,2,201,10032.3
2000,30.0,2,201,10063.9
2000,30.0,2,201,10056.0
2000,30.0,2,201,10038.6
2000,30.0,2,201,10117.5
2000,30.0,2,201,10117.1
2000,30.0,2,201,8164.3
2000,30.0,2,201,8164.4
2000,30.0,2,201,10046.8
2000,30.0,2,201,10046.1
2000,30.0,2,201,10015.6
2000,30.0,2,201,10056.2
2000,30.0,2,201,10055.6
2000,30.0,2,201,10055.0
2000,30.0,2,201,10020.1
2000,30.0,2,201,11905.3
2000,30.0,2,201,11903.3
2000,30.0,2,201,9973.7
2000,30.0,2,201,9972.2
2000,30.0,2,201,10033.9
2000,30.0,2,201,10035.5
2000,30.0,2,201,9983.3
2000,30.0,2,201,9986.9
2000,30.0,2,201,10004.2
2000,30.0,2,201,10014.9
2000,30.0,2,201,9960.3
2000,30.0,2,201,9949.6
2000,30.0,2,201,10013.0
2000,30.0,2,201,9949.5
2000,30.0,2,201,10014.9
2000,30.0,2,201,10016.9
2000,30.0,2,201,10023.8
2000,30.0,2,201,9965.7
2000,30.0,2,201,9986.0
2000,30.0,2,201,9998.0
2000,30.0,2,201,10004.1
2000,30.0,2,201,8155.0
2000,30.0,2,201,8199.0
2000,30.0,2,201,10016.9
2000,30.0,2,201,10003.7
2000,30.0,2,201,10006.9
2000,30.0,2,201,10017.8
2000,30.0,2,201,10013.8
2000,30.0,2,201,9998.8
2000,30.0,2,201,9986.3
2000,30.0,2,201,10004.9
2000,30.0,2,201,10023.4
2000,30.0,2,201,8130.1
2000,30.0,2,201,9947.0
2000,30.0,2,201,10010.3
2000,30.0,2,201,9983.4
2000,30.0,2,201,9989.5
2000,30.0,2,201,9992.1
2000,30.0,2,201,10012.9
2000,30.0,2,201,9945.0
2000,30.0,2,201,9951.3
2000,30.0,2,201,9968.8
2000,30.0,2,201,10013.4
4000,1.0,2,503,1031.1
4000,1.0,2,503,1062.1
4000,1.0,2,503,1057.9
4000,1.0,2,503,1059.7
4000,1.0,2,503,1077.6
4000,1.0,2,503,1076.0
4000,1.0,2,503,1069.6
4000,1.0,2,503,1071.8
4000,1.0,2,503,1081.4
4000,1.0,2,503,1064.2
4000,1.0,2,503,1078.6
4000,1.0,2,503,1105.9
4000,1.0,2,503,1084.8
4000,1.0,2,503,1103.1
4000,1.0,2,503,1168.7
4000,1.0,2,503,1167.3
4000,1.0,2,503,1152.5
4000,1.0,2,503,1150.9
4000,1.0,2,503,1149.0
4000,1.0,2,503,1144.9
4000,1.0,2,503,1158.6
4000,1.0,2,503,1173.7
4000,1.0,2,503,1155.8
4000,1.0,2,503,1141.2
4000,1.0,2,503,1165.4
4000,1.0,2,503,1127.4
4000,1.0,2,503,1137.6
4000,1.0,2,503,1173.0
4000,1.0,2,503,1165.4
4000,1.0,2,503,2021.1
4000,1.0,2,503,1173.3
4000,1.0,2,503,1097.8
4000,1.0,2,503,1165.2
4000,1.0,2,503,1150.1
4000,1.0,2,503,1166.0
4000,1.0,2,503,1125.3
4000,1.0,2,503,1160.2
4000,1.0,2,503,1131.2
4000,1.0,2,503,1161.3
4000,1.0,2,503,1109.1
4000,1.0,2,503,1166.8
4000,1.0,2,503,2058.8
4000,1.0,2,503,2064.3
4000,1.0,2,503,2045.2
4000,1.0,2,503,2056.5
4000,1.0,2,503,2073.9
4000,1.0,2,503,2063.5
4000,1.0,2,503,2068.5
4000,1.0,2,503,2068.6
4000,1.0,2,503,2050.0
4000,1.0,2,503,1075.0
4000,1.0,2,503,1047.1
4000,1.0,2,503,1062.1
4000,1.0,2,503,1059.4
4000,1.0,2,503,1056.0
4000,1.0,2,503,1057.9
4000,1.0,2,503,1069.6
4000,1.0,2,503,1067.5
4000,1.0,2,503,1144.5
4000,1.0,2,503,1137.9
4000,1.0,2,503,1082.6
4000,1.0,2,503,1076.3
4000,1.0,2,503,1128.0
4000,1.0,2,503,1122.2
4000,1.0,2,503,1118.4
4000,1.0,2,503,1106.3
4000,1.0,2,503,1087.6
4000,1.0,2,503,1087.2
4000,1.0,2,503,1094.4
4000,1.0,2,503,1094.8
4000,1.0,2,503,1097.5
4000,1.0,2,503,1092.3
4000,1.0,2,503,1085.7
4000,1.0,2,503,1092.8
4000,1.0,2,503,1085.5
4000,1.0,2,503,1085.5
4000,1.0,2,503,1082.8
4000,1.0,2,503,1082.2
4000,1.0,2,503,1863.7
4000,1.0,2,503,1075.8
4000,1.0,2,503,1891.8
4000,1.0,2,503,1898.5
4000,1.0,2,503,1074.1
4000,1.0,2,503,1910.9
4000,1.0,2,503,1899.3
4000,1.0,2,503,1917.9
4000,1.0,2,503,1907.7
4000,1.0,2,503,1911.8
4000,1.0,2,503,1896.6
4000,1.0,2,503,1908.1
4000,1.0,2,503,1085.1
4000,1.0,2,503,1055.4
4000,1.0,2,503,1057.1
4000,1.0,2,503,1057.5
4000,1.0,2,503,1058.5
4000,1.0,2,503,1055.2
4000,1.0,2,503,1067.4
4000,1.0,2,503,1061.4
4000,1.0,2,503,1081.5
4000,1.0,2,503,1078.6
4000,1.0,2,503,1118.8
4000,1.0,2,503,1123.7
4000,1.0,2,503,1151.7
4000,1.0,2,503,1162.7
4000,1.0,2,503,1175.3
4000,1.0,2,503,1166.1
4000,1.0,2,503,1134.6
4000,1.0,2,503,1146.7
4000,1.0,2,503,1116.3
4000,1.0,2,503,1121.9
4000,1.0,2,503,1066.1
4000,1.0,2,503,1070.3
4000,1.0,2,503,1076.6
4000,1.0,2,503,1072.9
4000,1.0,2,503,1073.7
4000,1.0,2,503,1070.2
4000,1.0,2,503,1071.1
4000,1.0,2,503,1067.9
4000,1.0,2,503,1064.2
4000,1.0,2,503,1062.5
4000,1.0,2,503,1835.0
4000,1.0,2,503,1796.8
4000,1.0,2,503,1826.0
4000,1.0,2,503,1836.6
4000,1.0,2,503,1847.7
4000,1.0,2,503,1853.6
4000,1.0,2,503,1832.4
4000,1.0,2,503,1843.9
4000,1.0,2,503,1855.8
4000,1.0,2,503,1858.0
4000,1.0,2,503,1100.9
4000,1.0,2,503,1072.9
4000,1.0,2,503,1069.2
4000,1.0,2,503,1071.3
4000,1.0,2,503,1067.5
4000,1.0,2,503,1066.1
4000,1.0,2,503,1057.1
4000,1.0,2,503,1080.0
4000,1.0,2,503,1079.8
4000,1.0,2,503,1056.1
4000,1.0,2,503,1110.6
4000,1.0,2,503,1115.2
4000,1.0,2,503,1167.1
4000,1.0,2,503,1159.6
4000,1.0,2,503,1163.2
4000,1.0,2,503,1161.6
4000,1.0,2,503,1153.1
4000,1.0,2,503,1153.7
4000,1.0,2,503,1135.5
4000,1.0,2,503,1134.7
4000,2.0,2,503,2088.7
4000,2.0,2,503,2078.8
4000,2.0,2,503,2103.4
4000,2.0,2,503,2161.8
4000,2.0,2,503,2101.8
4000,2.0,2,503,2145.1
4000,2.0,2,503,2131.3
4000,2.0,2,503,2117.5
4000,2.0,2,503,2132.0
4000,2.0,2,503,2148.0
4000,2.0,2,503,2167.7
4000,2.0,2,503,2162.8
4000,2.0,2,503,2161.0
4000,2.0,2,503,2124.2
4000,2.0,2,503,2166.3
4000,2.0,2,503,2169.7
4000,2.0,2,503,2134.0
4000,2.0,2,503,2162.9
4000,2.0,2,503,2161.6
4000,2.0,2,503,2163.8
4000,2.0,2,503,2165.3
4000,2.0,2,503,2141.2
4000,2.0,2,503,2152.5
4000,2.0,2,503,2145.0
4000,2.0,2,503,2126.0
4000,2.0,2,503,2162.7
4000,2.0,2,503,2158.2
4000,2.0,2,503,2153.6
4000,2.0,2,503,2120.0
4000,2.0,2,503,2146.6
4000,2.0,2,503,2146.5
4000,2.0,2,503,2133.1
4000,2.0,2,503,2140.2
4000,2.0,2,503,2163.0
4000,2.0,2,503,2145.0
4000,2.0,2,503,2158.8
4000,2.0,2,503,2127.3
4000,2.0,2,503,2152.9
4000,2.0,2,503,2156.8
4000,2.0,2,503,4122.1
4000,2.0,2,503,2154.5
4000,2.0,2,503,4056.0
4000,2.0,2,503,4065.9
4000,2.0,2,503,4080.4
4000,2.0,2,503,4125.9
4000,2.0,2,503,4079.7
4000,2.0,2,503,4094.4
4000,2.0,2,503,4122.3
4000,2.0,2,503,4107.4
4000,2.0,2,503,4103.7
4000,2.0,2,503,2175.0
4000,2.0,2,503,2154.8
4000,2.0,2,503,2131.3
4000,2.0,2,503,2147.5
4000,2.0,2,503,2125.5
4000,2.0,2,503,2106.0
4000,2.0,2,503,2149.3
4000,2.0,2,503,2122.2
4000,2.0,2,503,2103.6
4000,2.0,2,503,2145.2
4000,2.0,2,503,2111.4
4000,2.0,2,503,2132.7
4000,2.0,2,503,2113.8
4000,2.0,2,503,2133.6
4000,2.0,2,503,2130.7
4000,2.0,2,503,2121.2
4000,2.0,2,503,3953.8
4000,2.0,2,503,2118.8
4000,2.0,2,503,2110.0
4000,2.0,2,503,3962.6
4000,2.0,2,503,3992.7
4000,2.0,2,503,2102.7
4000,2.0,2,503,3920.2
4000,2.0,2,503,2118.8
4000,2.0,2,503,2095.1
4000,2.0,2,503,2097.0
4000,2.0,2,503,2114.4
4000,2.0,2,503,2110.2
4000,2.0,2,503,2100.5
4000,2.0,2,503,2109.8
4000,2.0,2,503,2092.1
4000,2.0,2,503,3975.3
4000,2.0,2,503,3936.1
4000,2.0,2,503,3918.5
4000,2.0,2,503,2093.0
4000,2.0,2,503,2101.2
4000,2.0,2,503,2098.8
4000,2.0,2,503,3981.5
4000,2.0,2,503,3956.2
4000,2.0,2,503,3957.8
4000,2.0,2,503,2165.7
4000,2.0,2,503,2159.8
4000,2.0,2,503,2154.6
4000,2.0,2,503,2150.8
4000,2.0,2,503,2136.9
4000,2.0,2,503,2132.8
4000,2.0,2,503,2135.2
4000,2.0,2,503,2129.5
4000,2.0,2,503,2127.4
4000,2.0,2,503,2127.4
4000,2.0,2,503,2103.3
4000,2.0,2,503,2096.7
4000,2.0,2,503,2087.0
4000,2.0,2,503,2105.6
4000,2.0,2,503,2100.8
4000,2.0,2,503,2092.4
4000,2.0,2,503,2104.1
4000,2.0,2,503,2103.2
4000,2.0,2,503,2106.3
4000,2.0,2,503,2087.5
4000,2.0,2,503,2087.8
4000,2.0,2,503,3851.0
4000,2.0,2,503,2094.2
4000,2.0,2,503,2076.0
4000,2.0,2,503,2069.2
4000,2.0,2,503,2092.3
4000,2.0,2,503,2078.6
4000,2.0,2,503,2081.3
4000,2.0,2,503,2083.6
4000,2.0,2,503,2081.0
4000,2.0,2,503,2079.6
4000,2.0,2,503,3813.3
4000,2.0,2,503,3883.9
4000,2.0,2,503,3817.1
4000,2.0,2,503,3877.9
4000,2.0,2,503,3833.9
4000,2.0,2,503,3845.6
4000,2.0,2,503,3869.1
4000,2.0,2,503,3859.8
4000,2.0,2,503,3855.2
4000,2.0,2,503,2181.2
4000,2.0,2,503,2174.8
4000,2.0,2,503,2157.7
4000,2.0,2,503,2161.3
4000,2.0,2,503,2144.4
4000,2.0,2,503,2140.9
4000,2.0,2,503,2138.9
4000,2.0,2,503,2141.7
4000,2.0,2,503,2133.9
4000,2.0,2,503,2129.4
4000,2.0,2,503,2098.5
4000,2.0,2,503,2108.1
4000,2.0,2,503,2116.6
4000,2.0,2,503,2122.4
4000,2.0,2,503,2117.5
4000,2.0,2,503,2115.1
4000,2.0,2,503,2105.4
4000,2.0,2,503,2106.9
4000,2.0,2,503,2100.5
4000,2.0,2,503,2099.5
4000,30.0,2,201,8091.5
4000,30.0,2,201,8091.7
4000,30.0,2,201,8094.6
4000,30.0,2,201,8091.6
4000,30.0,2,201,8093.1
4000,30.0,2,201,8094.8
4000,30.0,2,201,8097.2
4000,30.0,2,201,16275.0
4000,30.0,2,201,16258.5
4000,30.0,2,201,12153.5
4000,30.0,2,201,8099.5
4000,30.0,2,201,16245.3
4000,30.0,2,201,8090.6
4000,30.0,2,201,16356.7
4000,30.0,2,201,8094.7
4000,30.0,2,201,8092.2
4000,30.0,2,201,8199.6
4000,30.0,2,201,16245.6
4000,30.0,2,201,12106.4
4000,30.0,2,201,16234.3
4000,30.0,2,201,12102.6
4000,30.0,2,201,16236.7
4000,30.0,2,201,20327.9
4000,30.0,2,201,17164.1
4000,30.0,2,201,12154.7
4000,30.0,2,201,16250.6
4000,30.0,2,201,12305.5
4000,30.0,2,201,12138.2
4000,30.0,2,201,12140.2
4000,30.0,2,201,20234.5
4000,30.0,2,201,12141.6
4000,30.0,2,201,8092.6
4000,30.0,2,201,12154.6
4000,30.0,2,201,12161.6
4000,30.0,2,201,12137.2
4000,30.0,2,201,16208.8
4000,30.0,2,201,20230.4
4000,30.0,2,201,20226.8
4000,30.0,2,201,20226.9
4000,30.0,2,201,24447.6
4000,30.0,2,201,16229.1
4000,30.0,2,201,16253.5
4000,30.0,2,201,20233.2
4000,30.0,2,201,20358.7
4000,30.0,2,201,24445.6
4000,30.0,2,201,20231.2
4000,30.0,2,201,20357.1
4000,30.0,2,201,20230.9
4000,30.0,2,201,24439.1
4000,30.0,2,201,20306.6
4000,30.0,2,201,16404.8
4000,30.0,2,201,20392.2
4000,30.0,2,201,16499.5
4000,30.0,2,201,16384.9
4000,30.0,2,201,16386.1
4000,30.0,2,201,16397.1
4000,30.0,2,201,16386.4
4000,30.0,2,201,20385.5
4000,30.0,2,201,16381.8
4000,30.0,2,201,16488.4
4000,30.0,2,201,20380.4
4000,30.0,2,201,20418.9
4000,30.0,2,201,20513.3
4000,30.0,2,201,16419.6
4000,30.0,2,201,16375.4
4000,30.0,2,201,16332.1
4000,30.0,2,201,16326.7
4000,30.0,2,201,16561.1
4000,30.0,2,201,16324.3
4000,30.0,2,201,20348.0
4000,30.0,2,201,20343.5
4000,30.0,2,201,20336.7
4000,30.0,2,201,20330.8
4000,30.0,2,201,20193.5
4000,30.0,2,201,16288.3
4000,30.0,2,201,16274.1
4000,30.0,2,201,16353.7
4000,30.0,2,201,16353.5
4000,30.0,2,201,16986.0
4000,30.0,2,201,16984.5
4000,30.0,2,201,20291.1
4000,30.0,2,201,20285.1
4000,30.0,2,201,20277.2
4000,30.0,2,201,20273.1
4000,30.0,2,201,20193.3
4000,30.0,2,201,19379.9
4000,30.0,2,201,16308.3
4000,30.0,2,201,16489.8
4000,30.0,2,201,16489.5
4000,30.0,2,201,20194.0
4000,30.0,2,201,20358.7
4000,30.0,2,201,20191.4
4000,30.0,2,201,20354.2
4000,30.0,2,201,20281.5
4000,30.0,2,201,20282.4
4000,30.0,2,201,20237.6
4000,30.0,2,201,20240.8
4000,30.0,2,201,16160.6
4000,30.0,2,201,16776.2
4000,30.0,2,201,16776.3
4000,30.0,2,201,19979.3
4000,30.0,2,201,19977.9
4000,30.0,2,201,20272.8
4000,30.0,2,201,20272.5
4000,30.0,2,201,20264.5
4000,30.0,2,201,20263.0
4000,30.0,2,201,20169.5
4000,30.0,2,201,20168.0
4000,30.0,2,201,16279.4
4000,30.0,2,201,19966.5
4000,30.0,2,201,20040.9
4000,30.0,2,201,19966.3
4000,30.0,2,201,19974.1
4000,30.0,2,201,20013.1
4000,30.0,2,201,20025.6
4000,30.0,2,201,20008.2
4000,30.0,2,201,20039.7
4000,30.0,2,201,19908.8
4000,30.0,2,201,20033.9
4000,30.0,2,201,16800.9
4000,30.0,2,201,20017.9
4000,30.0,2,201,21123.3
4000,30.0,2,201,20072.1
4000,30.0,2,201,20088.2
4000,30.0,2,201,20159.3
4000,30.0,2,201,21103.5
4000,30.0,2,201,20041.7
4000,30.0,2,201,20105.9
4000,30.0,2,201,20457.0
4000,30.0,2,201,20489.5
4000,30.0,2,201,19907.1
4000,30.0,2,201,19991.2
4000,30.0,2,201,20042.2
4000,30.0,2,201,20059.4
4000,30.0,2,201,20107.1
4000,30.0,2,201,20128.8
4000,30.0,2,201,20159.2
4000,30.0,2,201,20949.3
4000,30.0,2,201,20953.8
4000,30.0,2,201,17286.6
4000,30.0,2,201,20033.4
4000,30.0,2,201,19930.1
4000,30.0,2,201,19981.2
4000,30.0,2,201,19996.7
4000,30.0,2,201,20044.7
4000,30.0,2,201,20063.6
4000,30.0,2,201,20095.1
4000,30.0,2,201,21122.2
4000,30.0,2,201,20523.2
4000,30.0,2,201,20542.2
0,1.0,3,201,168.7
0,1.0,3,201,999.3
0,1.0,3,201,288.5
0,1.0,3,201,764.6
0,1.0,3,201,679.6
0,1.0,3,201,1224.0
0,1.0,3,201,559.9
0,1.0,3,201,287.7
0,1.0,3,201,290.7
0,1.0,3,201,424.2
0,1.0,3,503,1171.4
0,1.0,3,201,405.3
0,1.0,3,201,300.7
0,1.0,3,201,320.4
0,1.0,3,201,285.9
0,1.0,3,201,291.2
0,1.0,3,201,332.9
0,1.0,3,201,673.1
0,1.0,3,201,1053.2
0,1.0,3,201,293.4
0,1.0,3,201,444.1
0,1.0,3,201,749.7
0,1.0,3,201,1774.2
0,1.0,3,201,378.2
0,1.0,3,201,321.5
0,1.0,3,201,719.1
0,1.0,3,201,547.6
0,1.0,3,201,1185.6
0,1.0,3,201,389.6
0,1.0,3,201,287.8
0,1.0,3,201,391.8
0,1.0,3,201,395.6
0,1.0,3,201,521.4
0,1.0,3,201,386.7
0,1.0,3,201,1366.0
0,1.0,3,201,455.3
0,1.0,3,201,288.7
0,1.0,3,201,285.0
0,1.0,3,201,976.9
0,1.0,3,201,398.0
0,1.0,3,201,1251.9
0,1.0,3,201,1058.2
0,1.0,3,201,1326.0
0,1.0,3,201,574.2
0,1.0,3,201,1421.2
0,1.0,3,201,410.3
0,1.0,3,201,484.2
0,1.0,3,201,1056.0
0,1.0,3,201,849.5
0,1.0,3,201,386.6
0,1.0,3,201,437.2
0,1.0,3,201,210.0
0,1.0,3,201,203.9
0,1.0,3,201,1007.1
0,1.0,3,201,1085.4
0,1.0,3,201,432.9
0,1.0,3,201,211.7
0,1.0,3,201,319.8
0,1.0,3,201,229.0
0,1.0,3,201,296.6
0,1.0,3,201,191.9
0,1.0,3,201,302.3
0,1.0,3,201,179.5
0,1.0,3,201,363.8
0,1.0,3,201,148.2
0,1.0,3,201,115.0
0,1.0,3,201,227.6
0,1.0,3,201,1158.2
0,1.0,3,201,452.3
0,1.0,3,201,263.4
0,1.0,3,201,1158.9
0,1.0,3,201,132.7
0,1.0,3,201,1148.3
0,1.0,3,201,1151.1
0,1.0,3,201,537.1
0,1.0,3,201,225.9
0,1.0,3,201,221.6
0,1.0,3,201,109.5
0,1.0,3,201,201.0
0,1.0,3,201,200.0
0,1.0,3,201,1008.8
0,1.0,3,201,218.8
0,1.0,3,201,87.9
0,1.0,3,201,277.1
0,1.0,3,201,322.1
0,1.0,3,201,196.1
0,1.0,3,201,252.7
0,1.0,3,201,301.1
0,1.0,3,201,727.6
0,1.0,3,201,673.5
0,1.0,3,201,452.6
0,1.0,3,201,998.4
0,1.0,3,201,485.1
0,1.0,3,201,977.5
0,1.0,3,201,188.4
0,1.0,3,201,1056.0
0,1.0,3,201,667.2
0,1.0,3,201,138.0
0,1.0,3,201,185.6
0,1.0,3,201,917.7
0,1.0,3,201,111.2
0,1.0,3,201,244.6
0,1.0,3,201,424.2
0,1.0,3,201,240.2
0,1.0,3,201,296.0
0,1.0,3,201,150.5
0,1.0,3,201,219.5
0,1.0,3,201,214.7
0,1.0,3,201,220.0
0,1.0,3,201,646.6
0,1.0,3,201,235.0
0,1.0,3,201,206.1
0,1.0,3,201,533.7
0,1.0,3,201,250.0
0,1.0,3,201,385.1
0,1.0,3,201,235.9
0,1.0,3,201,762.2
0,1.0,3,201,192.1
0,1.0,3,201,331.2
0,1.0,3,201,307.5
0,1.0,3,201,580.4
0,1.0,3,201,550.7
0,1.0,3,201,139.4
0,1.0,3,201,753.4
0,1.0,3,201,307.3
0,1.0,3,201,529.4
0,1.0,3,201,170.7
0,1.0,3,201,438.7
0,1.0,3,201,446.5
0,1.0,3,201,176.2
0,1.0,3,201,223.7
0,1.0,3,201,159.7
0,1.0,3,201,161.5
0,1.0,3,201,260.0
0,1.0,3,201,456.2
0,1.0,3,201,212.9
0,1.0,3,201,117.5
0,1.0,3,201,350.0
0,1.0,3,201,632.5
0,1.0,3,201,191.6
0,1.0,3,201,521.7
0,1.0,3,201,279.1
0,1.0,3,201,421.4
0,1.0,3,201,142.6
0,1.0,3,201,212.1
0,1.0,3,201,166.9
0,1.0,3,201,101.1
0,1.0,3,201,131.7
0,1.0,3,201,184.7
0,1.0,3,201,324.3
0,2.0,3,201,175.2
0,2.0,3,201,178.6
0,2.0,3,201,203.8
0,2.0,3,201,300.5
0,2.0,3,201,295.9
0,2.0,3,201,309.1
0,2.0,3,201,556.0
0,2.0,3,201,400.7
0,2.0,3,201,464.5
0,2.0,3,201,313.4
0,2.0,3,201,628.7
0,2.0,3,201,1489.6
0,2.0,3,201,316.5
0,2.0,3,201,341.3
0,2.0,3,201,467.4
0,2.0,3,201,363.5
0,2.0,3,201,328.2
0,2.0,3,201,459.2
0,2.0,3,201,416.8
0,2.0,3,201,1451.7
0,2.0,3,201,308.4
0,2.0,3,201,565.6
0,2.0,3,201,877.2
0,2.0,3,201,1225.7
0,2.0,3,201,857.4
0,2.0,3,201,561.0
0,2.0,3,201,370.8
0,2.0,3,201,439.4
0,2.0,3,201,1365.6
0,2.0,3,201,427.2
0,2.0,3,201,344.4
0,2.0,3,201,1515.4
0,2.0,3,201,750.9
0,2.0,3,201,484.4
0,2.0,3,201,1523.3
0,2.0,3,201,1047.0
0,2.0,3,201,349.3
0,2.0,3,201,815.2
0,2.0,3,201,1733.3
0,2.0,3,201,574.2
0,2.0,3,201,473.9
0,2.0,3,201,1358.1
0,2.0,3,201,1405.0
0,2.0,3,201,769.4
0,2.0,3,201,497.8
0,2.0,3,201,1442.2
0,2.0,3,201,918.5
0,2.0,3,201,1021.9
0,2.0,3,201,424.0
0,2.0,3,201,588.7
0,2.0,3,201,1402.3
0,2.0,3,201,525.7
0,2.0,3,201,281.8
0,2.0,3,201,832.2
0,2.0,3,201,233.4
0,2.0,3,201,1495.8
0,2.0,3,201,337.3
0,2.0,3,201,347.3
0,2.0,3,201,533.4
0,2.0,3,201,1355.8
0,2.0,3,201,281.8
0,2.0,3,201,323.4
0,2.0,3,201,1036.5
0,2.0,3,201,536.9
0,2.0,3,201,1207.4
0,2.0,3,201,321.4
0,2.0,3,201,222.3
0,2.0,3,201,370.8
0,2.0,3,201,321.9
0,2.0,3,201,177.3
0,2.0,3,201,213.2
0,2.0,3,201,287.3
0,2.0,3,201,206.3
0,2.0,3,201,301.5
0,2.0,3,201,303.2
0,2.0,3,201,1121.8
0,2.0,3,201,1370.8
0,2.0,3,201,214.1
0,2.0,3,201,194.2
0,2.0,3,201,302.6
0,2.0,3,201,528.0
0,2.0,3,201,254.6
0,2.0,3,201,1377.1
0,2.0,3,201,372.2
0,2.0,3,201,1075.8
0,2.0,3,201,202.5
0,2.0,3,201,266.0
0,2.0,3,201,848.4
0,2.0,3,201,191.5
0,2.0,3,201,284.7
0,2.0,3,201,845.0
0,2.0,3,201,216.4
0,2.0,3,201,291.3
0,2.0,3,201,164.5
0,2.0,3,201,376.7
0,2.0,3,201,256.4
0,2.0,3,201,261.1
0,2.0,3,201,734.0
0,2.0,3,201,396.8
0,2.0,3,201,157.9
0,2.0,3,201,170.4
0,2.0,3,201,391.2
0,2.0,3,201,220.8
0,2.0,3,201,234.9
0,2.0,3,201,957.0
0,2.0,3,201,485.2
0,2.0,3,201,659.7
0,2.0,3,201,555.1
0,2.0,3,201,336.1
0,2.0,3,201,154.3
0,2.0,3,201,188.8
0,2.0,3,201,596.7
0,2.0,3,201,436.3
0,2.0,3,201,178.5
0,2.0,3,201,432.6
0,2.0,3,201,204.3
0,2.0,3,201,202.0
0,2.0,3,201,137.7
0,2.0,3,201,184.4
0,2.0,3,201,677.3
0,2.0,3,201,245.8
0,2.0,3,201,556.2
0,2.0,3,201,175.8
0,2.0,3,201,173.9
0,2.0,3,201,361.9
0,2.0,3,201,557.4
0,2.0,3,201,181.7
0,2.0,3,201,162.6
0,2.0,3,201,715.1
0,2.0,3,201,358.6
0,2.0,3,201,288.2
0,2.0,3,201,193.1
0,2.0,3,201,162.5
0,2.0,3,201,143.3
0,2.0,3,201,141.9
0,2.0,3,201,665.8
0,2.0,3,201,148.5
0,2.0,3,201,167.1
0,2.0,3,201,120.7
0,2.0,3,201,295.2
0,2.0,3,201,346.0
0,2.0,3,201,351.1
0,2.0,3,201,417.8
0,2.0,3,201,110.0
0,2.0,3,201,427.4
0,2.0,3,201,122.5
0,2.0,3,201,115.0
0,2.0,3,201,136.1
0,2.0,3,201,188.6
0,2.0,3,201,155.4
0,30.0,3,201,204.2
0,30.0,3,201,231.5
0,30.0,3,201,211.2
0,30.0,3,201,745.4
0,30.0,3,201,203.5
0,30.0,3,201,302.8
0,30.0,3,201,1290.5
0,30.0,3,201,1019.4
0,30.0,3,201,716.7
0,30.0,3,201,743.8
0,30.0,3,201,320.5
0,30.0,3,201,202.6
0,30.0,3,201,1107.9
0,30.0,3,201,1189.9
0,30.0,3,201,666.7
0,30.0,3,201,209.6
0,30.0,3,201,234.0
0,30.0,3,201,359.4
0,30.0,3,201,218.2
0,30.0,3,201,200.1
0,30.0,3,201,196.8
0,30.0,3,201,238.7
0,30.0,3,201,316.2
0,30.0,3,201,1342.0
0,30.0,3,201,271.2
0,30.0,3,201,1135.1
0,30.0,3,201,322.5
0,30.0,3,201,340.8
0,30.0,3,201,1093.4
0,30.0,3,201,331.1
0,30.0,3,201,323.1
0,30.0,3,201,203.6
0,30.0,3,201,300.5
0,30.0,3,201,874.6
0,30.0,3,201,362.2
0,30.0,3,201,316.9
0,30.0,3,201,196.2
0,30.0,3,201,713.1
0,30.0,3,201,304.2
0,30.0,3,201,203.0
0,30.0,3,201,471.7
0,30.0,3,201,384.4
0,30.0,3,201,878.2
0,30.0,3,201,1299.3
0,30.0,3,201,430.8
0,30.0,3,201,1243.1
0,30.0,3,201,396.0
0,30.0,3,201,744.4
0,30.0,3,201,387.1
0,30.0,3,201,356.1
0,30.0,3,201,202.4
0,30.0,3,201,252.5
0,30.0,3,201,208.7
0,30.0,3,201,222.5
0,30.0,3,201,213.6
0,30.0,3,201,225.0
0,30.0,3,201,439.2
0,30.0,3,201,259.4
0,30.0,3,201,462.0
0,30.0,3,201,239.3
0,30.0,3,201,354.1
0,30.0,3,201,605.5
0,30.0,3,201,320.4
0,30.0,3,201,282.2
0,30.0,3,201,289.9
0,30.0,3,201,788.9
0,30.0,3,201,708.0
0,30.0,3,201,531.2
0,30.0,3,201,508.6
0,30.0,3,201,216.6
0,30.0,3,201,198.0
0,30.0,3,201,199.1
0,30.0,3,201,805.5
0,30.0,3,201,191.6
0,30.0,3,201,279.1
0,30.0,3,201,180.0
0,30.0,3,201,194.5
0,30.0,3,201,247.6
0,30.0,3,201,180.3
0,30.0,3,201,218.5
0,30.0,3,201,396.5
0,30.0,3,201,239.5
0,30.0,3,201,202.6
0,30.0,3,201,387.1
0,30.0,3,201,294.5
0,30.0,3,201,190.9
0,30.0,3,201,177.4
0,30.0,3,201,277.6
0,30.0,3,201,917.8
0,30.0,3,201,335.8
0,30.0,3,201,275.0
0,30.0,3,201,646.9
0,30.0,3,201,723.3
0,30.0,3,201,268.2
0,30.0,3,201,708.9
0,30.0,3,201,134.5
0,30.0,3,201,175.4
0,30.0,3,201,487.2
0,30.0,3,201,612.9
0,30.0,3,201,345.8
0,30.0,3,201,466.0
0,30.0,3,201,142.5
0,30.0,3,201,193.0
0,30.0,3,201,653.7
0,30.0,3,201,133.1
0,30.0,3,201,677.9
0,30.0,3,201,735.7
0,30.0,3,201,258.0
0,30.0,3,201,238.8
0,30.0,3,201,536.9
0,30.0,3,201,463.7
0,30.0,3,201,215.8
0,30.0,3,201,774.0
0,30.0,3,201,446.8
0,30.0,3,201,278.6
0,30.0,3,201,88.2
0,30.0,3,201,265.7
0,30.0,3,201,517.7
0,30.0,3,201,122.0
0,30.0,3,201,112.6
0,30.0,3,201,192.2
0,30.0,3,201,141.4
0,30.0,3,201,280.6
0,30.0,3,201,361.9
0,30.0,3,201,167.1
0,30.0,3,201,128.0
0,30.0,3,201,104.8
0,30.0,3,201,195.5
0,30.0,3,201,121.6
0,30.0,3,201,160.0
0,30.0,3,201,171.4
0,30.0,3,201,141.1
0,30.0,3,201,319.5
0,30.0,3,201,229.3
0,30.0,3,201,127.2
0,30.0,3,201,179.2
0,30.0,3,201,188.1
0,30.0,3,201,89.4
0,30.0,3,201,204.8
0,30.0,3,201,221.7
0,30.0,3,201,259.1
0,30.0,3,201,308.1
0,30.0,3,201,141.4
0,30.0,3,201,293.0
0,30.0,3,201,265.5
0,30.0,3,201,111.0
0,30.0,3,201,238.6
0,30.0,3,201,132.3
0,30.0,3,201,74.4
0,30.0,3,201,171.4
500,1.0,3,201,1111.4
500,1.0,3,201,1113.5
500,1.0,3,503,1101.9
500,1.0,3,201,1116.0
500,1.0,3,201,1113.9
500,1.0,3,201,1110.3
500,1.0,3,503,1107.2
500,1.0,3,201,1122.9
500,1.0,3,201,1113.2
500,1.0,3,201,1124.1
500,1.0,3,503,1104.5
500,1.0,3,201,1114.8
500,1.0,3,503,1116.4
500,1.0,3,503,1103.7
500,1.0,3,503,1116.8
500,1.0,3,503,1106.5
500,1.0,3,503,1144.4
500,1.0,3,503,1137.8
500,1.0,3,503,1123.2
500,1.0,3,503,1134.1
500,1.0,3,503,1140.1
500,1.0,3,503,1140.4
500,1.0,3,503,1126.7
500,1.0,3,503,1121.6
500,1.0,3,503,1153.7
500,1.0,3,503,1122.8
500,1.0,3,503,1137.0
500,1.0,3,503,1152.4
500,1.0,3,503,1147.1
500,1.0,3,503,1130.0
500,1.0,3,503,1133.1
500,1.0,3,503,1144.9
500,1.0,3,503,1138.4
500,1.0,3,503,1134.4
500,1.0,3,503,1137.8
500,1.0,3,503,1123.8
500,1.0,3,503,1146.2
500,1.0,3,503,1146.4
500,1.0,3,503,1148.8
500,1.0,3,503,1133.7
500,1.0,3,201,2133.7
500,1.0,3,201,2033.9
500,1.0,3,201,2034.4
500,1.0,3,201,2134.7
500,1.0,3,201,2032.2
500,1.0,3,201,2135.6
500,1.0,3,201,2132.0
500,1.0,3,201,2033.3
500,1.0,3,201,2129.6
500,1.0,3,201,2132.5
500,1.0,3,503,1125.5
500,1.0,3,201,1122.4
500,1.0,3,201,1144.8
500,1.0,3,201,1052.2
500,1.0,3,503,1136.0
500,1.0,3,503,1134.2
500,1.0,3,503,1125.6
500,1.0,3,503,1138.6
500,1.0,3,503,1129.6
500,1.0,3,503,1153.8
500,1.0,3,503,1117.2
500,1.0,3,503,1152.0
500,1.0,3,503,1115.9
500,1.0,3,503,1138.3
500,1.0,3,503,1130.4
500,1.0,3,503,1114.3
500,1.0,3,503,1131.6
500,1.0,3,503,1136.2
500,1.0,3,503,1095.7
500,1.0,3,503,1132.4
500,1.0,3,503,1572.6
500,1.0,3,503,1127.1
500,1.0,3,503,1114.3
500,1.0,3,503,1119.7
500,1.0,3,503,1104.0
500,1.0,3,503,1530.6
500,1.0,3,503,1117.3
500,1.0,3,503,1120.3
500,1.0,3,503,1112.6
500,1.0,3,503,1112.3
500,1.0,3,503,1110.9
500,1.0,3,503,1493.7
500,1.0,3,503,1105.6
500,1.0,3,503,1669.0
500,1.0,3,503,1782.4
500,1.0,3,503,1792.7
500,1.0,3,503,1897.8
500,1.0,3,503,1671.1
500,1.0,3,503,1784.8
500,1.0,3,503,1687.5
500,1.0,3,503,1116.3
500,1.0,3,503,1130.1
500,1.0,3,503,1168.7
500,1.0,3,503,1177.5
500,1.0,3,503,1091.6
500,1.0,3,503,1094.3
500,1.0,3,503,1097.4
500,1.0,3,503,1105.3
500,1.0,3,503,1105.4
500,1.0,3,503,1107.1
500,1.0,3,503,1138.0
500,1.0,3,503,1090.0
500,1.0,3,503,1075.4
500,1.0,3,503,1095.1
500,1.0,3,503,1085.0
500,1.0,3,503,1088.0
500,1.0,3,503,1076.8
500,1.0,3,503,1091.8
500,1.0,3,503,1091.8
500,1.0,3,503,1089.8
500,1.0,3,503,1072.6
500,1.0,3,503,1464.5
500,1.0,3,503,1071.0
500,1.0,3,503,1084.3
500,1.0,3,503,1077.0
500,1.0,3,503,1392.3
500,1.0,3,503,1067.4
500,1.0,3,503,1423.0
500,1.0,3,503,1068.3
500,1.0,3,503,1069.1
500,1.0,3,503,1594.8
500,1.0,3,503,1073.9
500,1.0,3,503,1568.0
500,1.0,3,503,1070.8
500,1.0,3,503,1798.6
500,1.0,3,503,1570.0
500,1.0,3,503,1068.5
500,1.0,3,503,1676.6
500,1.0,3,503,1690.2
500,1.0,3,503,1682.3
500,1.0,3,503,1532.4
500,1.0,3,503,1508.8
500,1.0,3,503,1513.9
500,1.0,3,503,1408.1
500,1.0,3,503,1411.9
500,1.0,3,503,1399.2
500,1.0,3,503,1311.7
500,1.0,3,503,1314.9
500,1.0,3,503,1307.8
500,1.0,3,503,1209.7
500,1.0,3,503,1137.5
500,1.0,3,503,1131.6
500,1.0,3,503,1096.5
500,1.0,3,503,1091.0
500,1.0,3,503,1082.8
500,1.0,3,503,1078.9
500,1.0,3,503,1087.0
500,1.0,3,503,1080.3
500,1.0,3,503,1079.9
500,1.0,3,503,1076.2
500,2.0,3,201,1096.9
500,2.0,3,201,1096.7
500,2.0,3,201,1103.4
500,2.0,3,201,1096.8
500,2.0,3,201,1098.2
500,2.0,3,201,1609.9
500,2.0,3,201,1098.4
500,2.0,3,201,1107.9
500,2.0,3,201,1104.8
500,2.0,3,201,1095.1
500,2.0,3,201,1609.8
500,2.0,3,201,1106.4
500,2.0,3,201,1618.9
500,2.0,3,201,1097.5
500,2.0,3,201,1260.1
500,2.0,3,201,2243.9
500,2.0,3,503,2247.4
500,2.0,3,201,1609.3
500,2.0,3,201,1598.1
500,2.0,3,201,1263.9
500,2.0,3,201,2246.4
500,2.0,3,201,1260.3
500,2.0,3,503,2256.6
500,2.0,3,201,1755.1
500,2.0,3,201,1590.6
500,2.0,3,201,2277.8
500,2.0,3,201,2225.6
500,2.0,3,201,1586.0
500,2.0,3,503,2244.2
500,2.0,3,201,1758.9
500,2.0,3,201,2208.9
500,2.0,3,201,1759.8
500,2.0,3,503,2252.4
500,2.0,3,503,2249.6
500,2.0,3,201,1698.2
500,2.0,3,503,2245.1
500,2.0,3,201,2218.8
500,2.0,3,201,2207.0
500,2.0,3,201,2200.4
500,2.0,3,201,2277.6
500,2.0,3,503,2730.2
500,2.0,3,503,2560.8
500,2.0,3,503,2718.9
500,2.0,3,503,2665.8
500,2.0,3,503,2723.4
500,2.0,3,503,2734.8
500,2.0,3,503,2718.7
500,2.0,3,503,2713.3
500,2.0,3,503,2729.9
500,2.0,3,503,2713.5
500,2.0,3,503,2028.1
500,2.0,3,503,2113.3
500,2.0,3,503,2131.4
500,2.0,3,503,2138.9
500,2.0,3,503,2156.8
500,2.0,3,503,2154.4
500,2.0,3,503,2528.0
500,2.0,3,503,2152.0
500,2.0,3,503,2153.3
500,2.0,3,503,2175.1
500,2.0,3,503,2174.3
500,2.0,3,503,2461.8
500,2.0,3,503,2527.6
500,2.0,3,503,2472.2
500,2.0,3,503,2191.2
500,2.0,3,503,2219.1
500,2.0,3,503,2203.8
500,2.0,3,503,2188.1
500,2.0,3,503,2502.5
500,2.0,3,503,2184.7
500,2.0,3,503,2180.1
500,2.0,3,503,2547.5
500,2.0,3,503,2531.1
500,2.0,3,503,2522.3
500,2.0,3,503,2528.3
500,2.0,3,503,2088.4
500,2.0,3,503,2091.8
500,2.0,3,503,2084.9
500,2.0,3,503,2081.5
500,2.0,3,503,2074.3
500,2.0,3,503,2504.0
500,2.0,3,503,2340.9
500,2.0,3,503,2445.7
500,2.0,3,503,2499.5
500,2.0,3,503,2500.5
500,2.0,3,503,2503.6
500,2.0,3,503,2496.2
500,2.0,3,503,2494.7
500,2.0,3,503,2486.3
500,2.0,3,503,2476.6
500,2.0,3,503,2536.6
500,2.0,3,503,2513.8
500,2.0,3,503,2483.1
500,2.0,3,503,2489.5
500,2.0,3,503,2509.6
500,2.0,3,503,2508.6
500,2.0,3,503,2519.8
500,2.0,3,503,2516.4
500,2.0,3,503,2524.9
500,2.0,3,503,2521.0
500,2.0,3,503,2516.9
500,2.0,3,503,2526.0
500,2.0,3,503,2525.3
500,2.0,3,503,2571.4
500,2.0,3,503,2552.3
500,2.0,3,503,2560.1
500,2.0,3,503,2567.4
500,2.0,3,503,2561.5
500,2.0,3,503,2547.9
500,2.0,3,503,2545.5
500,2.0,3,503,2490.3
500,2.0,3,503,2550.6
500,2.0,3,503,2559.8
500,2.0,3,503,2510.8
500,2.0,3,503,2516.0
500,2.0,3,503,2525.3
500,2.0,3,503,2534.5
500,2.0,3,503,2529.8
500,2.0,3,503,2523.2
500,2.0,3,503,2513.2
500,2.0,3,503,2486.6
500,2.0,3,503,2441.7
500,2.0,3,503,2475.3
500,2.0,3,503,2461.6
500,2.0,3,503,2457.5
500,2.0,3,503,2460.9
500,2.0,3,503,2459.4
500,2.0,3,503,2466.1
500,2.0,3,503,2460.3
500,2.0,3,503,2459.0
500,2.0,3,503,2535.9
500,2.0,3,503,2516.6
500,2.0,3,503,2482.4
500,2.0,3,503,2481.9
500,2.0,3,503,2498.4
500,2.0,3,503,2496.9
500,2.0,3,503,2510.7
500,2.0,3,503,2519.7
500,2.0,3,503,2502.4
500,2.0,3,503,2511.4
500,2.0,3,503,2516.5
500,2.0,3,503,2528.2
500,2.0,3,503,2525.4
500,2.0,3,503,2573.0
500,2.0,3,503,2551.6
500,2.0,3,503,2556.0
500,2.0,3,503,2547.8
500,2.0,3,503,2548.7
500,2.0,3,503,2545.7
500,2.0,3,503,2545.3
500,30.0,3,201,1134.6
500,30.0,3,201,1135.1
500,30.0,3,201,1136.7
500,30.0,3,201,1137.3
500,30.0,3,201,1137.8
500,30.0,3,201,1146.3
500,30.0,3,201,1134.4
500,30.0,3,201,1204.1
500,30.0,3,201,1656.6
500,30.0,3,201,1614.8
500,30.0,3,201,2192.5
500,30.0,3,201,1628.0
500,30.0,3,201,1136.2
500,30.0,3,201,1651.8
500,30.0,3,201,1140.3
500,30.0,3,201,1138.7
500,30.0,3,201,1658.5
500,30.0,3,201,1702.2
500,30.0,3,201,2215.5
500,30.0,3,201,1647.6
500,30.0,3,201,1134.2
500,30.0,3,201,1656.4
500,30.0,3,201,1650.6
500,30.0,3,201,2183.2
500,30.0,3,201,2150.2
500,30.0,3,201,2147.2
500,30.0,3,201,2182.7
500,30.0,3,201,2129.3
500,30.0,3,201,2173.4
500,30.0,3,201,2630.7
500,30.0,3,201,2628.9
500,30.0,3,201,1652.0
500,30.0,3,201,2141.5
500,30.0,3,201,2625.9
500,30.0,3,201,2697.3
500,30.0,3,201,1669.2
500,30.0,3,201,2170.5
500,30.0,3,201,2647.2
500,30.0,3,201,2694.5
500,30.0,3,201,2218.8
500,30.0,3,201,2727.9
500,30.0,3,201,2694.8
500,30.0,3,201,2727.3
500,30.0,3,201,3282.9
500,30.0,3,201,3163.6
500,30.0,3,201,3161.5
500,30.0,3,201,2692.3
500,30.0,3,201,3318.6
500,30.0,3,201,3156.4
500,30.0,3,201,2692.4
500,30.0,3,201,2052.7
500,30.0,3,201,2170.8
500,30.0,3,201,2174.6
500,30.0,3,201,2576.9
500,30.0,3,201,2577.5
500,30.0,3,201,2172.9
500,30.0,3,201,2172.8
500,30.0,3,201,2574.7
500,30.0,3,201,2199.2
500,30.0,3,201,3031.3
500,30.0,3,201,2672.9
500,30.0,3,201,2513.3
500,30.0,3,201,2207.3
500,30.0,3,201,2191.7
500,30.0,3,201,2170.8
500,30.0,3,201,2175.2
500,30.0,3,201,2521.8
500,30.0,3,201,2574.3
500,30.0,3,201,2570.9
500,30.0,3,201,2573.0
500,30.0,3,201,2570.2
500,30.0,3,201,2681.3
500,30.0,3,201,2659.2
500,30.0,3,201,2228.7
500,30.0,3,201,2215.0
500,30.0,3,201,2214.9
500,30.0,3,201,2532.9
500,30.0,3,201,2509.6
500,30.0,3,201,2575.2
500,30.0,3,201,3021.0
500,30.0,3,201,2569.6
500,30.0,3,201,2571.0
500,30.0,3,201,2545.3
500,30.0,3,201,2972.7
500,30.0,3,201,2569.3
500,30.0,3,201,2569.2
500,30.0,3,201,2574.9
500,30.0,3,201,2576.5
500,30.0,3,201,2530.1
500,30.0,3,201,2584.6
500,30.0,3,201,2585.5
500,30.0,3,201,2583.3
500,30.0,3,201,2584.5
500,30.0,3,201,3225.1
500,30.0,3,201,3223.1
500,30.0,3,201,2790.9
500,30.0,3,201,2791.3
500,30.0,3,201,3327.8
500,30.0,3,201,2997.4
500,30.0,3,201,2879.4
500,30.0,3,201,3205.0
500,30.0,3,201,2874.8
500,30.0,3,201,2665.1
500,30.0,3,201,2873.0
500,30.0,3,201,2673.2
500,30.0,3,201,2675.6
500,30.0,3,201,2800.3
500,30.0,3,201,2801.6
500,30.0,3,201,2797.3
500,30.0,3,201,2843.9
500,30.0,3,201,2744.8
500,30.0,3,201,2749.7
500,30.0,3,201,2825.0
500,30.0,3,201,2867.2
500,30.0,3,201,2942.0
500,30.0,3,201,2802.8
500,30.0,3,201,2804.2
500,30.0,3,201,2757.2
500,30.0,3,201,2780.5
500,30.0,3,201,2797.3
500,30.0,3,201,2830.2
500,30.0,3,201,2788.3
500,30.0,3,201,2712.3
500,30.0,3,201,2830.8
500,30.0,3,201,2906.7
500,30.0,3,201,3118.3
500,30.0,3,201,2819.6
500,30.0,3,201,2802.7
500,30.0,3,201,2770.8
500,30.0,3,201,2783.4
500,30.0,3,201,2816.2
500,30.0,3,201,2827.6
500,30.0,3,201,2453.6
500,30.0,3,201,2498.8
500,30.0,3,201,2577.5
500,30.0,3,201,2785.2
500,30.0,3,201,2787.5
500,30.0,3,201,2797.6
500,30.0,3,201,2780.3
500,30.0,3,201,2759.5
500,30.0,3,201,2788.4
500,30.0,3,201,2799.5
500,30.0,3,201,2874.7
500,30.0,3,201,2254.2
500,30.0,3,201,2333.7
500,30.0,3,201,2539.0
500,30.0,3,201,2559.3
500,30.0,3,201,2543.3
500,30.0,3,201,2531.9
500,30.0,3,201,2550.5
1000,1.0,3,503,1030.7
1000,1.0,3,503,1074.4
1000,1.0,3,503,1080.8
1000,1.0,3,503,1101.7
1000,1.0,3,503,1142.4
1000,1.0,3,503,1096.3
1000,1.0,3,503,1134.3
1000,1.0,3,503,1117.4
1000,1.0,3,503,1129.3
1000,1.0,3,503,1140.9
1000,1.0,3,503,1115.2
1000,1.0,3,503,1124.0
1000,1.0,3,503,1120.7
1000,1.0,3,503,1126.2
1000,1.0,3,503,1116.9
1000,1.0,3,503,1132.1
1000,1.0,3,503,1154.7
1000,1.0,3,503,1158.7
1000,1.0,3,503,1147.6
1000,1.0,3,503,1149.0
1000,1.0,3,503,1148.0
1000,1.0,3,503,1140.9
1000,1.0,3,503,1153.1
1000,1.0,3,503,1137.1
1000,1.0,3,503,1167.4
1000,1.0,3,503,1167.6
1000,1.0,3,503,1133.7
1000,1.0,3,503,1153.2
1000,1.0,3,503,1164.8
1000,1.0,3,503,1143.5
1000,1.0,3,503,1153.7
1000,1.0,3,503,1154.2
1000,1.0,3,503,1145.5
1000,1.0,3,503,1141.0
1000,1.0,3,503,1157.0
1000,1.0,3,503,1155.3
1000,1.0,3,503,1154.3
1000,1.0,3,503,1150.8
1000,1.0,3,503,1163.0
1000,1.0,3,503,1140.4
1000,1.0,3,503,2015.9
1000,1.0,3,503,2059.7
1000,1.0,3,503,2066.3
1000,1.0,3,503,2115.4
1000,1.0,3,503,2081.5
1000,1.0,3,503,2109.1
1000,1.0,3,503,2085.5
1000,1.0,3,503,2113.5
1000,1.0,3,503,2103.8
1000,1.0,3,503,2123.4
1000,1.0,3,503,1240.0
1000,1.0,3,503,1186.1
1000,1.0,3,503,1167.4
1000,1.0,3,503,1160.8
1000,1.0,3,503,1202.0
1000,1.0,3,503,1168.0
1000,1.0,3,503,1144.0
1000,1.0,3,503,1165.9
1000,1.0,3,503,1162.3
1000,1.0,3,503,1148.6
1000,1.0,3,503,1147.9
1000,1.0,3,503,1120.3
1000,1.0,3,503,1108.8
1000,1.0,3,503,1163.5
1000,1.0,3,503,1130.6
1000,1.0,3,503,1136.8
1000,1.0,3,503,1964.0
1000,1.0,3,503,1161.8
1000,1.0,3,503,1152.6
1000,1.0,3,503,1141.2
1000,1.0,3,503,1994.5
1000,1.0,3,503,1948.9
1000,1.0,3,503,1150.5
1000,1.0,3,503,1134.5
1000,1.0,3,503,1154.6
1000,1.0,3,503,1123.4
1000,1.0,3,503,1134.1
1000,1.0,3,503,1152.4
1000,1.0,3,503,1131.9
1000,1.0,3,503,1922.1
1000,1.0,3,503,1136.1
1000,1.0,3,503,1114.8
1000,1.0,3,503,1107.0
1000,1.0,3,503,1968.9
1000,1.0,3,503,1866.7
1000,1.0,3,503,1961.0
1000,1.0,3,503,1136.8
1000,1.0,3,503,1956.7
1000,1.0,3,503,1961.2
1000,1.0,3,503,1901.2
1000,1.0,3,503,1322.6
1000,1.0,3,503,1298.1
1000,1.0,3,503,1291.8
1000,1.0,3,503,1269.1
1000,1.0,3,503,1274.2
1000,1.0,3,503,1259.4
1000,1.0,3,503,1258.7
1000,1.0,3,503,1244.9
1000,1.0,3,503,1256.3
1000,1.0,3,503,1247.7
1000,1.0,3,503,1158.9
1000,1.0,3,503,1165.2
1000,1.0,3,503,1155.4
1000,1.0,3,503,1142.7
1000,1.0,3,503,1144.5
1000,1.0,3,503,1134.5
1000,1.0,3,503,1144.1
1000,1.0,3,503,1133.0
1000,1.0,3,503,1140.3
1000,1.0,3,503,1140.6
1000,1.0,3,503,1134.2
1000,1.0,3,503,1142.1
1000,1.0,3,503,1130.5
1000,1.0,3,503,1134.2
1000,1.0,3,503,1134.8
1000,1.0,3,503,1804.1
1000,1.0,3,503,1849.4
1000,1.0,3,503,1128.8
1000,1.0,3,503,1125.6
1000,1.0,3,503,1813.2
1000,1.0,3,503,1817.1
1000,1.0,3,503,1113.3
1000,1.0,3,503,1114.0
1000,1.0,3,503,1738.8
1000,1.0,3,503,1831.6
1000,1.0,3,503,1111.3
1000,1.0,3,503,1776.4
1000,1.0,3,503,1842.5
1000,1.0,3,503,1829.7
1000,1.0,3,503,1829.4
1000,1.0,3,503,1330.7
1000,1.0,3,503,1293.9
1000,1.0,3,503,1293.2
1000,1.0,3,503,1275.3
1000,1.0,3,503,1277.6
1000,1.0,3,503,1257.3
1000,1.0,3,503,1259.4
1000,1.0,3,503,1257.4
1000,1.0,3,503,1266.6
1000,1.0,3,503,1258.2
1000,1.0,3,503,1061.8
1000,1.0,3,503,1078.6
1000,1.0,3,503,1060.3
1000,1.0,3,503,1069.1
1000,1.0,3,503,1063.1
1000,1.0,3,503,1067.5
1000,1.0,3,503,1053.4
1000,1.0,3,503,1058.6
1000,1.0,3,503,1056.9
1000,1.0,3,503,1053.2
1000,2.0,3,201,2124.4
1000,2.0,3,201,2137.4
1000,2.0,3,201,2123.8
1000,2.0,3,201,2124.5
1000,2.0,3,201,2125.3
1000,2.0,3,201,2127.1
1000,2.0,3,201,2133.5
1000,2.0,3,503,2202.9
1000,2.0,3,503,2227.5
1000,2.0,3,503,2205.3
1000,2.0,3,201,2125.0
1000,2.0,3,503,2236.7
1000,2.0,3,201,2133.8
1000,2.0,3,503,2191.3
1000,2.0,3,503,2172.0
1000,2.0,3,503,2153.6
1000,2.0,3,503,2233.6
1000,2.0,3,503,2228.6
1000,2.0,3,503,2141.4
1000,2.0,3,503,2169.8
1000,2.0,3,503,2131.8
1000,2.0,3,503,2162.8
1000,2.0,3,503,2181.4
1000,2.0,3,503,2210.3
1000,2.0,3,503,2202.3
1000,2.0,3,503,2192.9
1000,2.0,3,503,2218.5
1000,2.0,3,503,2210.5
1000,2.0,3,503,2168.1
1000,2.0,3,503,2154.4
1000,2.0,3,503,2179.8
1000,2.0,3,503,2176.0
1000,2.0,3,201,2132.2
1000,2.0,3,503,2163.7
1000,2.0,3,503,2137.9
1000,2.0,3,503,2189.1
1000,2.0,3,503,2200.7
1000,2.0,3,503,2093.6
1000,2.0,3,503,2200.5
1000,2.0,3,503,2184.3
1000,2.0,3,503,3790.5
1000,2.0,3,503,3753.9
1000,2.0,3,503,3895.1
1000,2.0,3,503,3813.1
1000,2.0,3,503,3916.4
1000,2.0,3,503,3810.1
1000,2.0,3,503,4031.6
1000,2.0,3,503,3807.4
1000,2.0,3,503,3930.5
1000,2.0,3,503,3822.1
1000,2.0,3,503,2221.6
1000,2.0,3,503,2212.8
1000,2.0,3,503,2197.9
1000,2.0,3,503,2190.1
1000,2.0,3,503,2200.4
1000,2.0,3,503,2194.8
1000,2.0,3,503,2207.6
1000,2.0,3,503,2208.5
1000,2.0,3,503,2200.0
1000,2.0,3,503,2215.7
1000,2.0,3,503,2208.9
1000,2.0,3,503,2235.1
1000,2.0,3,503,3630.5
1000,2.0,3,503,2216.8
1000,2.0,3,503,2188.2
1000,2.0,3,503,2198.4
1000,2.0,3,503,2185.0
1000,2.0,3,503,2183.7
1000,2.0,3,503,2181.5
1000,2.0,3,503,2202.6
1000,2.0,3,503,2182.7
1000,2.0,3,503,2190.5
1000,2.0,3,503,2173.9
1000,2.0,3,503,2185.1
1000,2.0,3,503,2161.0
1000,2.0,3,503,2163.7
1000,2.0,3,503,2176.8
1000,2.0,3,503,2158.1
1000,2.0,3,503,2171.1
1000,2.0,3,503,3855.1
1000,2.0,3,503,2147.6
1000,2.0,3,503,3623.5
1000,2.0,3,503,3625.9
1000,2.0,3,503,3739.4
1000,2.0,3,503,2150.2
1000,2.0,3,503,3590.8
1000,2.0,3,503,3614.8
1000,2.0,3,503,3688.2
1000,2.0,3,503,3707.3
1000,2.0,3,503,3614.8
1000,2.0,3,503,2629.7
1000,2.0,3,503,2595.6
1000,2.0,3,503,2622.3
1000,2.0,3,503,2613.7
1000,2.0,3,503,2627.6
1000,2.0,3,503,2612.7
1000,2.0,3,503,2538.5
1000,2.0,3,503,2517.2
1000,2.0,3,503,2518.2
1000,2.0,3,503,2420.2
1000,2.0,3,503,2165.2
1000,2.0,3,503,2170.1
1000,2.0,3,503,2163.7
1000,2.0,3,503,2175.9
1000,2.0,3,503,2159.3
1000,2.0,3,503,2161.5
1000,2.0,3,503,2178.8
1000,2.0,3,503,2172.4
1000,2.0,3,503,2164.3
1000,2.0,3,503,2153.4
1000,2.0,3,503,2148.4
1000,2.0,3,503,2154.5
1000,2.0,3,503,2137.4
1000,2.0,3,503,2151.6
1000,2.0,3,503,2153.6
1000,2.0,3,503,3488.9
1000,2.0,3,503,3565.3
1000,2.0,3,503,3492.4
1000,2.0,3,503,2138.8
1000,2.0,3,503,2144.4
1000,2.0,3,503,3417.1
1000,2.0,3,503,2139.1
1000,2.0,3,503,3592.2
1000,2.0,3,503,2130.0
1000,2.0,3,503,3479.2
1000,2.0,3,503,3440.4
1000,2.0,3,503,2132.2
1000,2.0,3,503,3566.5
1000,2.0,3,503,3473.8
1000,2.0,3,503,3682.7
1000,2.0,3,503,2648.7
1000,2.0,3,503,2612.1
1000,2.0,3,503,2608.4
1000,2.0,3,503,2614.1
1000,2.0,3,503,2620.3
1000,2.0,3,503,2623.8
1000,2.0,3,503,2561.0
1000,2.0,3,503,2551.9
1000,2.0,3,503,2540.9
1000,2.0,3,503,2433.5
1000,2.0,3,503,2091.9
1000,2.0,3,503,2097.4
1000,2.0,3,503,2081.4
1000,2.0,3,503,2079.7
1000,2.0,3,503,2075.3
1000,2.0,3,503,2076.7
1000,2.0,3,503,2074.4
1000,2.0,3,503,2073.3
1000,2.0,3,503,2061.6
1000,2.0,3,503,2061.3
1000,30.0,3,201,2152.6
1000,30.0,3,201,2153.8
1000,30.0,3,201,2154.7
1000,30.0,3,201,2174.3
1000,30.0,3,201,2164.1
1000,30.0,3,201,2171.1
1000,30.0,3,201,3180.7
1000,30.0,3,201,2156.8
1000,30.0,3,201,2174.1
1000,30.0,3,201,2158.2
1000,30.0,3,201,3176.3
1000,30.0,3,201,2150.1
1000,30.0,3,201,3849.4
1000,30.0,3,201,2161.9
1000,30.0,3,201,2777.5
1000,30.0,3,201,3111.6
1000,30.0,3,201,5810.1
1000,30.0,3,201,3164.3
1000,30.0,3,201,3166.2
1000,30.0,3,201,5145.7
1000,30.0,3,201,3164.1
1000,30.0,3,201,4174.6
1000,30.0,3,201,3172.0
1000,30.0,3,201,4214.3
1000,30.0,3,201,3853.7
1000,30.0,3,201,3171.9
1000,30.0,3,201,3168.3
1000,30.0,3,201,4177.8
1000,30.0,3,201,3851.0
1000,30.0,3,201,5023.5
1000,30.0,3,201,3154.8
1000,30.0,3,201,4178.9
1000,30.0,3,201,5799.7
1000,30.0,3,201,5803.2
1000,30.0,3,201,5797.6
1000,30.0,3,201,4170.8
1000,30.0,3,201,4156.0
1000,30.0,3,201,4156.6
1000,30.0,3,201,4371.6
1000,30.0,3,201,5806.8
1000,30.0,3,201,4159.3
1000,30.0,3,201,5813.5
1000,30.0,3,201,5798.5
1000,30.0,3,201,5793.2
1000,30.0,3,201,5888.4
1000,30.0,3,201,5896.4
1000,30.0,3,201,5894.4
1000,30.0,3,201,6271.0
1000,30.0,3,201,6272.1
1000,30.0,3,201,6267.5
1000,30.0,3,201,4709.2
1000,30.0,3,201,4689.7
1000,30.0,3,201,4687.5
1000,30.0,3,201,4702.1
1000,30.0,3,201,4682.8
1000,30.0,3,201,4858.2
1000,30.0,3,201,4854.3
1000,30.0,3,201,4851.8
1000,30.0,3,201,5671.4
1000,30.0,3,201,5671.4
1000,30.0,3,201,5670.8
1000,30.0,3,201,5064.1
1000,30.0,3,201,4730.2
1000,30.0,3,201,4680.0
1000,30.0,3,201,4723.4
1000,30.0,3,201,4722.3
1000,30.0,3,201,4892.4
1000,30.0,3,201,4890.8
1000,30.0,3,201,4890.3
1000,30.0,3,201,5682.3
1000,30.0,3,201,5681.3
1000,30.0,3,201,5680.8
1000,30.0,3,201,5014.8
1000,30.0,3,201,5004.3
1000,30.0,3,201,5001.5
1000,30.0,3,201,4772.9
1000,30.0,3,201,4772.1
1000,30.0,3,201,4935.1
1000,30.0,3,201,4931.8
1000,30.0,3,201,5722.6
1000,30.0,3,201,4926.6
1000,30.0,3,201,5717.0
1000,30.0,3,201,5689.4
1000,30.0,3,201,5519.9
1000,30.0,3,201,4878.2
1000,30.0,3,201,4765.8
1000,30.0,3,201,4228.2
1000,30.0,3,201,4228.4
1000,30.0,3,201,4389.3
1000,30.0,3,201,4388.4
1000,30.0,3,201,4386.3
1000,30.0,3,201,5149.1
1000,30.0,3,201,5142.6
1000,30.0,3,201,5137.6
1000,30.0,3,201,5062.1
1000,30.0,3,201,5056.0
1000,30.0,3,201,5056.4
1000,30.0,3,201,4790.9
1000,30.0,3,201,4789.8
1000,30.0,3,201,5022.4
1000,30.0,3,201,4494.1
1000,30.0,3,201,4492.7
1000,30.0,3,201,5219.2
1000,30.0,3,201,5205.5
1000,30.0,3,201,5203.4
1000,30.0,3,201,5046.0
1000,30.0,3,201,5046.4
1000,30.0,3,201,5046.8
1000,30.0,3,201,4312.4
1000,30.0,3,201,4310.6
1000,30.0,3,201,4380.9
1000,30.0,3,201,4486.4
1000,30.0,3,201,4510.3
1000,30.0,3,201,5020.7
1000,30.0,3,201,4996.3
1000,30.0,3,201,5045.6
1000,30.0,3,201,4927.8
1000,30.0,3,201,5000.4
1000,30.0,3,201,5037.3
1000,30.0,3,201,4297.6
1000,30.0,3,201,4369.3
1000,30.0,3,201,4478.3
1000,30.0,3,201,4506.0
1000,30.0,3,201,5170.8
1000,30.0,3,201,5975.0
1000,30.0,3,201,5187.9
1000,30.0,3,201,5130.6
1000,30.0,3,201,5031.9
1000,30.0,3,201,5078.7
1000,30.0,3,201,5085.6
1000,30.0,3,201,4936.5
1000,30.0,3,201,4959.9
1000,30.0,3,201,4990.5
1000,30.0,3,201,5022.2
1000,30.0,3,201,5135.4
1000,30.0,3,201,5181.4
1000,30.0,3,201,5123.4
1000,30.0,3,201,5129.6
1000,30.0,3,201,5007.3
1000,30.0,3,201,5022.7
1000,30.0,3,201,5937.8
1000,30.0,3,201,5217.8
1000,30.0,3,201,6030.7
1000,30.0,3,201,6113.4
1000,30.0,3,201,6129.7
1000,30.0,3,201,5250.4
1000,30.0,3,201,5356.7
1000,30.0,3,201,5310.6
1000,30.0,3,201,5251.7
1000,30.0,3,201,5059.3
2000,1.0,3,503,1074.0
2000,1.0,3,503,1100.0
2000,1.0,3,503,1101.3
2000,1.0,3,503,1171.6
2000,1.0,3,503,1145.9
2000,1.0,3,503,1144.0
2000,1.0,3,503,1162.6
2000,1.0,3,503,1147.3
2000,1.0,3,503,1125.8
2000,1.0,3,503,1148.7
2000,1.0,3,503,1147.4
2000,1.0,3,503,1131.1
2000,1.0,3,503,1136.8
2000,1.0,3,503,1158.2
2000,1.0,3,503,1167.5
2000,1.0,3,503,1170.4
2000,1.0,3,503,1171.4
2000,1.0,3,503,1186.2
2000,1.0,3,503,1172.6
2000,1.0,3,503,1196.8
2000,1.0,3,503,1170.6
2000,1.0,3,503,1178.5
2000,1.0,3,503,1147.3
2000,1.0,3,503,1178.8
2000,1.0,3,503,1192.8
2000,1.0,3,503,1179.1
2000,1.0,3,503,1168.4
2000,1.0,3,503,1175.6
2000,1.0,3,503,1160.8
2000,1.0,3,503,1191.6
2000,1.0,3,503,1179.6
2000,1.0,3,503,1180.2
2000,1.0,3,503,1183.5
2000,1.0,3,503,1180.7
2000,1.0,3,503,1172.9
2000,1.0,3,503,1173.7
2000,1.0,3,503,1179.3
2000,1.0,3,503,1182.2
2000,1.0,3,503,2133.1
2000,1.0,3,503,2117.7
2000,1.0,3,503,1175.1
2000,1.0,3,503,2140.6
2000,1.0,3,503,2050.7
2000,1.0,3,503,2108.5
2000,1.0,3,503,1171.4
2000,1.0,3,503,2120.3
2000,1.0,3,503,2130.0
2000,1.0,3,503,2077.3
2000,1.0,3,503,2075.8
2000,1.0,3,503,2122.3
2000,1.0,3,503,1196.9
2000,1.0,3,503,1178.7
2000,1.0,3,503,1184.6
2000,1.0,3,503,1141.2
2000,1.0,3,503,1131.8
2000,1.0,3,503,1131.6
2000,1.0,3,503,1152.3
2000,1.0,3,503,1138.1
2000,1.0,3,503,1145.8
2000,1.0,3,503,1117.9
2000,1.0,3,503,1137.1
2000,1.0,3,503,1128.4
2000,1.0,3,503,1136.6
2000,1.0,3,503,1122.0
2000,1.0,3,503,1133.6
2000,1.0,3,503,1992.0
2000,1.0,3,503,1123.9
2000,1.0,3,503,1124.8
2000,1.0,3,503,1124.4
2000,1.0,3,503,1969.0
2000,1.0,3,503,1120.7
2000,1.0,3,503,1125.9
2000,1.0,3,503,1121.0
2000,1.0,3,503,1121.1
2000,1.0,3,503,1109.9
2000,1.0,3,503,1114.8
2000,1.0,3,503,1108.8
2000,1.0,3,503,1951.0
2000,1.0,3,503,1884.7
2000,1.0,3,503,1113.2
2000,1.0,3,503,1913.2
2000,1.0,3,503,1957.8
2000,1.0,3,503,1114.1
2000,1.0,3,503,1967.2
2000,1.0,3,503,1113.0
2000,1.0,3,503,1935.1
2000,1.0,3,503,1101.3
2000,1.0,3,503,1108.8
2000,1.0,3,503,1903.1
2000,1.0,3,503,1960.7
2000,1.0,3,503,1282.9
2000,1.0,3,503,1238.7
2000,1.0,3,503,1249.0
2000,1.0,3,503,1239.7
2000,1.0,3,503,1203.6
2000,1.0,3,503,1214.9
2000,1.0,3,503,1248.5
2000,1.0,3,503,1250.5
2000,1.0,3,503,1221.8
2000,1.0,3,503,1239.2
2000,1.0,3,503,1144.9
2000,1.0,3,503,1129.1
2000,1.0,3,503,1111.5
2000,1.0,3,503,1171.4
2000,1.0,3,503,1163.3
2000,1.0,3,503,1160.5
2000,1.0,3,503,1142.6
2000,1.0,3,503,1132.8
2000,1.0,3,503,1142.0
2000,1.0,3,503,1131.4
2000,1.0,3,503,1125.3
2000,1.0,3,503,1135.5
2000,1.0,3,503,1125.7
2000,1.0,3,503,1135.1
2000,1.0,3,503,1138.9
2000,1.0,3,503,1122.3
2000,1.0,3,503,1127.2
2000,1.0,3,503,1137.1
2000,1.0,3,503,1135.2
2000,1.0,3,503,1859.7
2000,1.0,3,503,1782.8
2000,1.0,3,503,1838.7
2000,1.0,3,503,1871.0
2000,1.0,3,503,1842.3
2000,1.0,3,503,1864.3
2000,1.0,3,503,1118.5
2000,1.0,3,503,1807.1
2000,1.0,3,503,1868.4
2000,1.0,3,503,1803.4
2000,1.0,3,503,1843.9
2000,1.0,3,503,1315.7
2000,1.0,3,503,1282.4
2000,1.0,3,503,1295.9
2000,1.0,3,503,1269.1
2000,1.0,3,503,1257.2
2000,1.0,3,503,1276.3
2000,1.0,3,503,1268.0
2000,1.0,3,503,1269.3
2000,1.0,3,503,1266.3
2000,1.0,3,503,1268.3
2000,1.0,3,503,1097.1
2000,1.0,3,503,1118.7
2000,1.0,3,503,1114.3
2000,1.0,3,503,1107.6
2000,1.0,3,503,1105.3
2000,1.0,3,503,1101.2
2000,1.0,3,503,1094.3
2000,1.0,3,503,1092.4
2000,1.0,3,503,1073.1
2000,1.0,3,503,1073.5
2000,2.0,3,503,2097.5
2000,2.0,3,503,2090.5
2000,2.0,3,503,2098.6
2000,2.0,3,503,2122.3
2000,2.0,3,503,2121.2
2000,2.0,3,503,2193.9
2000,2.0,3,503,2157.5
2000,2.0,3,503,2169.0
2000,2.0,3,503,2161.0
2000,2.0,3,503,2135.3
2000,2.0,3,503,2131.2
2000,2.0,3,503,2133.2
2000,2.0,3,503,2178.9
2000,2.0,3,503,2152.9
2000,2.0,3,503,2183.8
2000,2.0,3,503,2210.7
2000,2.0,3,503,2183.7
2000,2.0,3,503,2152.3
2000,2.0,3,503,2168.0
2000,2.0,3,503,2194.0
2000,2.0,3,503,2186.4
2000,2.0,3,503,2200.8
2000,2.0,3,503,2162.5
2000,2.0,3,503,2215.5
2000,2.0,3,503,2186.8
2000,2.0,3,503,2198.0
2000,2.0,3,503,4106.4
2000,2.0,3,503,2193.6
2000,2.0,3,503,2179.5
2000,2.0,3,503,2207.3
2000,2.0,3,503,4071.7
2000,2.0,3,503,2195.8
2000,2.0,3,503,4064.1
2000,2.0,3,503,2199.3
2000,2.0,3,503,2198.2
2000,2.0,3,503,2199.3
2000,2.0,3,503,2192.3
2000,2.0,3,503,2175.6
2000,2.0,3,503,4092.1
2000,2.0,3,503,2191.6
2000,2.0,3,503,4109.7
2000,2.0,3,503,2177.9
2000,2.0,3,503,4061.1
2000,2.0,3,503,2194.3
2000,2.0,3,503,4122.7
2000,2.0,3,503,4103.0
2000,2.0,3,503,4095.7
2000,2.0,3,503,2179.1
2000,2.0,3,503,2154.8
2000,2.0,3,503,4115.6
2000,2.0,3,503,2185.8
2000,2.0,3,503,2245.3
2000,2.0,3,503,2230.7
2000,2.0,3,503,2214.1
2000,2.0,3,503,2191.8
2000,2.0,3,503,2205.4
2000,2.0,3,503,2202.9
2000,2.0,3,503,2172.6
2000,2.0,3,503,2159.1
2000,2.0,3,503,2159.1
2000,2.0,3,503,2170.2
2000,2.0,3,503,2155.2
2000,2.0,3,503,2160.0
2000,2.0,3,503,2173.9
2000,2.0,3,503,2166.8
2000,2.0,3,503,2170.3
2000,2.0,3,503,2139.2
2000,2.0,3,503,2158.6
2000,2.0,3,503,2150.3
2000,2.0,3,503,3904.1
2000,2.0,3,503,3939.3
2000,2.0,3,503,2136.2
2000,2.0,3,503,2138.0
2000,2.0,3,503,2142.3
2000,2.0,3,503,2133.0
2000,2.0,3,503,2138.6
2000,2.0,3,503,2133.8
2000,2.0,3,503,2134.5
2000,2.0,3,503,3887.3
2000,2.0,3,503,2103.8
2000,2.0,3,503,3910.8
2000,2.0,3,503,2098.7
2000,2.0,3,503,2124.5
2000,2.0,3,503,3924.1
2000,2.0,3,503,3904.3
2000,2.0,3,503,2119.8
2000,2.0,3,503,3935.6
2000,2.0,3,503,3916.5
2000,2.0,3,503,3934.2
2000,2.0,3,503,3861.5
2000,2.0,3,503,2193.0
2000,2.0,3,503,2223.6
2000,2.0,3,503,2224.1
2000,2.0,3,503,2212.6
2000,2.0,3,503,2204.1
2000,2.0,3,503,2201.5
2000,2.0,3,503,2196.2
2000,2.0,3,503,2201.2
2000,2.0,3,503,2187.8
2000,2.0,3,503,2189.8
2000,2.0,3,503,2091.7
2000,2.0,3,503,2095.8
2000,2.0,3,503,2096.6
2000,2.0,3,503,2084.7
2000,2.0,3,503,2098.6
2000,2.0,3,503,2090.6
2000,2.0,3,503,2109.7
2000,2.0,3,503,2099.8
2000,2.0,3,503,2087.7
2000,2.0,3,503,2073.4
2000,2.0,3,503,2089.8
2000,2.0,3,503,2099.2
2000,2.0,3,503,2094.2
2000,2.0,3,503,2091.7
2000,2.0,3,503,2086.0
2000,2.0,3,503,2076.4
2000,2.0,3,503,3761.1
2000,2.0,3,503,3768.2
2000,2.0,3,503,2077.6
2000,2.0,3,503,3792.4
2000,2.0,3,503,2079.5
2000,2.0,3,503,3807.5
2000,2.0,3,503,3795.8
2000,2.0,3,503,3788.2
2000,2.0,3,503,3757.2
2000,2.0,3,503,2060.8
2000,2.0,3,503,3804.2
2000,2.0,3,503,2069.7
2000,2.0,3,503,3820.4
2000,2.0,3,503,3818.9
2000,2.0,3,503,2204.0
2000,2.0,3,503,2223.7
2000,2.0,3,503,2224.8
2000,2.0,3,503,2202.7
2000,2.0,3,503,2212.4
2000,2.0,3,503,2206.8
2000,2.0,3,503,2197.7
2000,2.0,3,503,2199.3
2000,2.0,3,503,2190.1
2000,2.0,3,503,2194.4
2000,2.0,3,503,2085.6
2000,2.0,3,503,2104.0
2000,2.0,3,503,2103.9
2000,2.0,3,503,2100.3
2000,2.0,3,503,2092.5
2000,2.0,3,503,2094.9
2000,2.0,3,503,2097.3
2000,2.0,3,503,2094.0
2000,2.0,3,503,2092.0
2000,2.0,3,503,2086.1
2000,30.0,3,201,2139.7
2000,30.0,3,201,4254.1
2000,30.0,3,201,2141.1
2000,30.0,3,201,6416.9
2000,30.0,3,201,4259.2
2000,30.0,3,201,2138.7
2000,30.0,3,201,4736.7
2000,30.0,3,201,4260.6
2000,30.0,3,201,4253.7
2000,30.0,3,201,4254.1
2000,30.0,3,201,2172.6
2000,30.0,3,201,4251.1
2000,30.0,3,201,4259.2
2000,30.0,3,201,8719.0
2000,30.0,3,201,4780.4
2000,30.0,3,201,4779.1
2000,30.0,3,201,8718.0
2000,30.0,3,201,6791.0
2000,30.0,3,201,8414.8
2000,30.0,3,201,8414.9
2000,30.0,3,201,6792.2
2000,30.0,3,201,6706.9
2000,30.0,3,201,8714.7
2000,30.0,3,201,6402.5
2000,30.0,3,201,8409.5
2000,30.0,3,201,4478.7
2000,30.0,3,201,4379.4
2000,30.0,3,201,10399.9
2000,30.0,3,201,6528.8
2000,30.0,3,201,4769.5
2000,30.0,3,201,6780.9
2000,30.0,3,201,8711.4
2000,30.0,3,201,6527.6
2000,30.0,3,201,4374.5
2000,30.0,3,201,10397.1
2000,30.0,3,201,10397.6
2000,30.0,3,201,6523.8
2000,30.0,3,201,4372.9
2000,30.0,3,201,6388.9
2000,30.0,3,201,6779.7
2000,30.0,3,201,10456.3
2000,30.0,3,201,10396.8
2000,30.0,3,201,10455.4
2000,30.0,3,201,10455.3
2000,30.0,3,201,10729.2
2000,30.0,3,201,10725.3
2000,30.0,3,201,12455.5
2000,30.0,3,201,12454.0
2000,30.0,3,201,10726.1
2000,30.0,3,201,10723.6
2000,30.0,3,201,10345.6
2000,30.0,3,201,10429.2
2000,30.0,3,201,10424.0
2000,30.0,3,201,10308.2
2000,30.0,3,201,8316.0
2000,30.0,3,201,8514.8
2000,30.0,3,201,8516.1
2000,30.0,3,201,8515.9
2000,30.0,3,201,10227.3
2000,30.0,3,201,8512.3
2000,30.0,3,201,10221.5
2000,30.0,3,201,10097.1
2000,30.0,3,201,10095.8
2000,30.0,3,201,10187.5
2000,30.0,3,201,10089.4
2000,30.0,3,201,9843.8
2000,30.0,3,201,10038.4
2000,30.0,3,201,10038.3
2000,30.0,3,201,10037.9
2000,30.0,3,201,8416.0
2000,30.0,3,201,10230.3
2000,30.0,3,201,10231.5
2000,30.0,3,201,10103.7
2000,30.0,3,201,10101.9
2000,30.0,3,201,10392.6
2000,30.0,3,201,10221.1
2000,30.0,3,201,10143.5
2000,30.0,3,201,11746.3
2000,30.0,3,201,11747.3
2000,30.0,3,201,11744.0
2000,30.0,3,201,10127.5
2000,30.0,3,201,10242.2
2000,30.0,3,201,10241.6
2000,30.0,3,201,9942.4
2000,30.0,3,201,9942.8
2000,30.0,3,201,10240.0
2000,30.0,3,201,10240.1
2000,30.0,3,201,8556.3
2000,30.0,3,201,10168.9
2000,30.0,3,201,10170.9
2000,30.0,3,201,10169.8
2000,30.0,3,201,10281.4
2000,30.0,3,201,10111.8
2000,30.0,3,201,10281.2
2000,30.0,3,201,10011.6
2000,30.0,3,201,10234.6
2000,30.0,3,201,10010.3
2000,30.0,3,201,10230.4
2000,30.0,3,201,8506.2
2000,30.0,3,201,10182.1
2000,30.0,3,201,10179.9
2000,30.0,3,201,10178.2
2000,30.0,3,201,10100.1
2000,30.0,3,201,10392.6
2000,30.0,3,201,10392.8
2000,30.0,3,201,10192.3
2000,30.0,3,201,10191.8
2000,30.0,3,201,11083.3
2000,30.0,3,201,11082.0
2000,30.0,3,201,9373.9
2000,30.0,3,201,10084.9
2000,30.0,3,201,10150.9
2000,30.0,3,201,10180.7
2000,30.0,3,201,10099.4
2000,30.0,3,201,10109.2
2000,30.0,3,201,10188.1
2000,30.0,3,201,10149.6
2000,30.0,3,201,10166.7
2000,30.0,3,201,10177.6
2000,30.0,3,201,11015.8
2000,30.0,3,201,9963.2
2000,30.0,3,201,10103.9
2000,30.0,3,201,10253.3
2000,30.0,3,201,10216.3
2000,30.0,3,201,9874.3
2000,30.0,3,201,9929.8
2000,30.0,3,201,10036.9
2000,30.0,3,201,8468.3
2000,30.0,3,201,8447.0
2000,30.0,3,201,9300.8
2000,30.0,3,201,10109.4
2000,30.0,3,201,10111.0
2000,30.0,3,201,10174.7
2000,30.0,3,201,10212.0
2000,30.0,3,201,10271.8
2000,30.0,3,201,10297.4
2000,30.0,3,201,10358.2
2000,30.0,3,201,10301.1
2000,30.0,3,201,8760.6
2000,30.0,3,201,9292.2
2000,30.0,3,201,10083.8
2000,30.0,3,201,10367.1
2000,30.0,3,201,10227.8
2000,30.0,3,201,10201.8
2000,30.0,3,201,10236.4
2000,30.0,3,201,10206.8
2000,30.0,3,201,10298.3
2000,30.0,3,201,10348.5
2000,30.0,3,201,10365.7
2000,30.0,3,201,9238.1
4000,1.0,3,503,1091.3
4000,1.0,3,503,1094.2
4000,1.0,3,503,1112.0
4000,1.0,3,503,1112.5
4000,1.0,3,503,1157.4
4000,1.0,3,503,1130.1
4000,1.0,3,503,1128.5
4000,1.0,3,503,1157.5
4000,1.0,3,503,1168.4
4000,1.0,3,503,1165.9
4000,1.0,3,503,1158.1
4000,1.0,3,503,1144.3
4000,1.0,3,503,1146.4
4000,1.0,3,503,1169.7
4000,1.0,3,503,1158.9
4000,1.0,3,503,1148.7
4000,1.0,3,503,1157.4
4000,1.0,3,503,1191.2
4000,1.0,3,503,1176.6
4000,1.0,3,503,1171.5
4000,1.0,3,503,1197.8
4000,1.0,3,503,1191.2
4000,1.0,3,503,1159.2
4000,1.0,3,503,1169.2
4000,1.0,3,503,1180.1
4000,1.0,3,503,1199.7
4000,1.0,3,503,1159.5
4000,1.0,3,503,1208.4
4000,1.0,3,503,1202.8
4000,1.0,3,503,1198.5
4000,1.0,3,503,1187.4
4000,1.0,3,503,1184.9
4000,1.0,3,503,1181.9
4000,1.0,3,503,1162.6
4000,1.0,3,503,1194.9
4000,1.0,3,503,1206.2
4000,1.0,3,503,1166.7
4000,1.0,3,503,1202.1
4000,1.0,3,503,1189.3
4000,1.0,3,503,1202.1
4000,1.0,3,503,2065.3
4000,1.0,3,503,2065.4
4000,1.0,3,503,2123.5
4000,1.0,3,503,2084.8
4000,1.0,3,503,2133.4
4000,1.0,3,503,2100.3
4000,1.0,3,503,2082.7
4000,1.0,3,503,2123.0
4000,1.0,3,503,2128.9
4000,1.0,3,503,2097.6
4000,1.0,3,503,1115.3
4000,1.0,3,503,1106.5
4000,1.0,3,503,1108.1
4000,1.0,3,503,1102.4
4000,1.0,3,503,1092.1
4000,1.0,3,503,1094.4
4000,1.0,3,503,1084.3
4000,1.0,3,503,1082.1
4000,1.0,3,503,1084.4
4000,1.0,3,503,1091.3
4000,1.0,3,503,1101.5
4000,1.0,3,503,1115.2
4000,1.0,3,503,1124.9
4000,1.0,3,503,1130.5
4000,1.0,3,503,1135.6
4000,1.0,3,503,1152.0
4000,1.0,3,503,1166.0
4000,1.0,3,503,1138.0
4000,1.0,3,503,1169.0
4000,1.0,3,503,1145.2
4000,1.0,3,503,1169.0
4000,1.0,3,503,1155.0
4000,1.0,3,503,1137.8
4000,1.0,3,503,1151.7
4000,1.0,3,503,1135.0
4000,1.0,3,503,1148.4
4000,1.0,3,503,1149.0
4000,1.0,3,503,1918.6
4000,1.0,3,503,1142.1
4000,1.0,3,503,1150.7
4000,1.0,3,503,1144.9
4000,1.0,3,503,1887.5
4000,1.0,3,503,1883.2
4000,1.0,3,503,1924.2
4000,1.0,3,503,1904.6
4000,1.0,3,503,1942.9
4000,1.0,3,503,1944.0
4000,1.0,3,503,1912.1
4000,1.0,3,503,1942.5
4000,1.0,3,503,1932.6
4000,1.0,3,503,1154.9
4000,1.0,3,503,1161.2
4000,1.0,3,503,1142.3
4000,1.0,3,503,1150.2
4000,1.0,3,503,1146.8
4000,1.0,3,503,1130.7
4000,1.0,3,503,1113.4
4000,1.0,3,503,1131.0
4000,1.0,3,503,1119.4
4000,1.0,3,503,1125.0
4000,1.0,3,503,1094.7
4000,1.0,3,503,1099.3
4000,1.0,3,503,1091.8
4000,1.0,3,503,1109.6
4000,1.0,3,503,1103.2
4000,1.0,3,503,1111.4
4000,1.0,3,503,1112.6
4000,1.0,3,503,1111.6
4000,1.0,3,503,1110.1
4000,1.0,3,503,1117.7
4000,1.0,3,503,1134.8
4000,1.0,3,503,1115.9
4000,1.0,3,503,1105.1
4000,1.0,3,503,1102.7
4000,1.0,3,503,1096.8
4000,1.0,3,503,1093.2
4000,1.0,3,503,1080.9
4000,1.0,3,503,1082.4
4000,1.0,3,503,1078.8
4000,1.0,3,503,1795.8
4000,1.0,3,503,1807.7
4000,1.0,3,503,1065.2
4000,1.0,3,503,1765.3
4000,1.0,3,503,1757.1
4000,1.0,3,503,1798.2
4000,1.0,3,503,1825.5
4000,1.0,3,503,1824.4
4000,1.0,3,503,1773.9
4000,1.0,3,503,1814.4
4000,1.0,3,503,1811.0
4000,1.0,3,503,1189.2
4000,1.0,3,503,1187.6
4000,1.0,3,503,1168.2
4000,1.0,3,503,1165.2
4000,1.0,3,503,1151.5
4000,1.0,3,503,1153.0
4000,1.0,3,503,1140.8
4000,1.0,3,503,1139.7
4000,1.0,3,503,1139.2
4000,1.0,3,503,1136.7
4000,1.0,3,503,1072.6
4000,1.0,3,503,1066.5
4000,1.0,3,503,1065.1
4000,1.0,3,503,1063.5
4000,1.0,3,503,1065.0
4000,1.0,3,503,1070.7
4000,1.0,3,503,1070.5
4000,1.0,3,503,1068.7
4000,1.0,3,503,1066.5
4000,1.0,3,503,1078.3
4000,2.0,3,503,2037.2
4000,2.0,3,503,2091.2
4000,2.0,3,503,2091.5
4000,2.0,3,503,2109.9
4000,2.0,3,503,2116.5
4000,2.0,3,503,2121.1
4000,2.0,3,503,2111.4
4000,2.0,3,503,2118.7
4000,2.0,3,503,2145.0
4000,2.0,3,503,2178.5
4000,2.0,3,503,2164.5
4000,2.0,3,503,2169.9
4000,2.0,3,503,2152.3
4000,2.0,3,503,2171.1
4000,2.0,3,503,2152.8
4000,2.0,3,503,2147.8
4000,2.0,3,503,2156.3
4000,2.0,3,503,2186.4
4000,2.0,3,503,2199.1
4000,2.0,3,503,2179.5
4000,2.0,3,503,2195.7
4000,2.0,3,503,2173.3
4000,2.0,3,503,2190.4
4000,2.0,3,503,2183.7
4000,2.0,3,503,2191.4
4000,2.0,3,503,2178.7
4000,2.0,3,503,2179.1
4000,2.0,3,503,2194.5
4000,2.0,3,503,2200.2
4000,2.0,3,503,2189.3
4000,2.0,3,503,4108.3
4000,2.0,3,503,2156.5
4000,2.0,3,503,2176.7
4000,2.0,3,503,2179.5
4000,2.0,3,503,2194.2
4000,2.0,3,503,2177.3
4000,2.0,3,503,2178.1
4000,2.0,3,503,2189.5
4000,2.0,3,503,2186.1
4000,2.0,3,503,2191.1
4000,2.0,3,503,2189.0
4000,2.0,3,503,4012.1
4000,2.0,3,503,4068.1
4000,2.0,3,503,4105.2
4000,2.0,3,503,4066.1
4000,2.0,3,503,4139.7
4000,2.0,3,503,4083.7
4000,2.0,3,503,4100.9
4000,2.0,3,503,4119.8
4000,2.0,3,503,4090.0
4000,2.0,3,503,2247.0
4000,2.0,3,503,2210.1
4000,2.0,3,503,2199.2
4000,2.0,3,503,2185.4
4000,2.0,3,503,2178.7
4000,2.0,3,503,2182.8
4000,2.0,3,503,2193.8
4000,2.0,3,503,2163.5
4000,2.0,3,503,2154.7
4000,2.0,3,503,2163.8
4000,2.0,3,503,2146.6
4000,2.0,3,503,2168.5
4000,2.0,3,503,2146.3
4000,2.0,3,503,2165.0
4000,2.0,3,503,2143.7
4000,2.0,3,503,2156.0
4000,2.0,3,503,2130.6
4000,2.0,3,503,2143.3
4000,2.0,3,503,2150.1
4000,2.0,3,503,3912.9
4000,2.0,3,503,3963.9
4000,2.0,3,503,2142.8
4000,2.0,3,503,2138.2
4000,2.0,3,503,2126.7
4000,2.0,3,503,2119.3
4000,2.0,3,503,3939.7
4000,2.0,3,503,2134.1
4000,2.0,3,503,2128.6
4000,2.0,3,503,2121.2
4000,2.0,3,503,2126.5
4000,2.0,3,503,3912.5
4000,2.0,3,503,2127.8
4000,2.0,3,503,2117.2
4000,2.0,3,503,3834.0
4000,2.0,3,503,3890.7
4000,2.0,3,503,2114.2
4000,2.0,3,503,3959.0
4000,2.0,3,503,3922.2
4000,2.0,3,503,3914.2
4000,2.0,3,503,3912.7
4000,2.0,3,503,2304.1
4000,2.0,3,503,2262.4
4000,2.0,3,503,2284.5
4000,2.0,3,503,2252.7
4000,2.0,3,503,2257.1
4000,2.0,3,503,2253.1
4000,2.0,3,503,2228.0
4000,2.0,3,503,2249.1
4000,2.0,3,503,2248.0
4000,2.0,3,503,2226.3
4000,2.0,3,503,2123.4
4000,2.0,3,503,2124.0
4000,2.0,3,503,2129.6
4000,2.0,3,503,2126.0
4000,2.0,3,503,2118.3
4000,2.0,3,503,2127.0
4000,2.0,3,503,2121.8
4000,2.0,3,503,2119.4
4000,2.0,3,503,2120.7
4000,2.0,3,503,2115.7
4000,2.0,3,503,2114.9
4000,2.0,3,503,2100.5
4000,2.0,3,503,2114.9
4000,2.0,3,503,2106.0
4000,2.0,3,503,2112.3
4000,2.0,3,503,2103.5
4000,2.0,3,503,3724.0
4000,2.0,3,503,2093.9
4000,2.0,3,503,2103.7
4000,2.0,3,503,3805.9
4000,2.0,3,503,3778.4
4000,2.0,3,503,2100.0
4000,2.0,3,503,3829.7
4000,2.0,3,503,3810.8
4000,2.0,3,503,3809.1
4000,2.0,3,503,2094.3
4000,2.0,3,503,3787.7
4000,2.0,3,503,3843.0
4000,2.0,3,503,3771.5
4000,2.0,3,503,3797.2
4000,2.0,3,503,2312.6
4000,2.0,3,503,2259.6
4000,2.0,3,503,2263.2
4000,2.0,3,503,2253.2
4000,2.0,3,503,2255.0
4000,2.0,3,503,2257.5
4000,2.0,3,503,2251.8
4000,2.0,3,503,2253.5
4000,2.0,3,503,2243.5
4000,2.0,3,503,2231.2
4000,2.0,3,503,2067.6
4000,2.0,3,503,2076.1
4000,2.0,3,503,2073.6
4000,2.0,3,503,2078.6
4000,2.0,3,503,2066.1
4000,2.0,3,503,2063.5
4000,2.0,3,503,2061.8
4000,2.0,3,503,2063.4
4000,2.0,3,503,2050.1
4000,2.0,3,503,2044.3
4000,30.0,3,201,8082.4
4000,30.0,3,201,8082.6
4000,30.0,3,201,8083.0
4000,30.0,3,201,8084.3
4000,30.0,3,201,8085.2
4000,30.0,3,201,8088.2
4000,30.0,3,201,12088.3
4000,30.0,3,201,12091.4
4000,30.0,3,201,12085.5
4000,30.0,3,201,8093.9
4000,30.0,3,201,16151.0
4000,30.0,3,201,12115.2
4000,30.0,3,201,16149.1
4000,30.0,3,201,8131.1
4000,30.0,3,201,20293.9
4000,30.0,3,201,12108.6
4000,30.0,3,201,8084.7
4000,30.0,3,201,16089.8
4000,30.0,3,201,12082.2
4000,30.0,3,201,8098.9
4000,30.0,3,201,16085.4
4000,30.0,3,201,12115.5
4000,30.0,3,201,12119.8
4000,30.0,3,201,12125.1
4000,30.0,3,201,16080.2
4000,30.0,3,201,16082.1
4000,30.0,3,201,8067.8
4000,30.0,3,201,16102.7
4000,30.0,3,201,8080.9
4000,30.0,3,201,16134.3
4000,30.0,3,201,20276.8
4000,30.0,3,201,20279.0
4000,30.0,3,201,20280.1
4000,30.0,3,201,20283.3
4000,30.0,3,201,20191.3
4000,30.0,3,201,16068.2
4000,30.0,3,201,16074.1
4000,30.0,3,201,16066.2
4000,30.0,3,201,20693.6
4000,30.0,3,201,12064.9
4000,30.0,3,201,12084.2
4000,30.0,3,201,20279.8
4000,30.0,3,201,20680.9
4000,30.0,3,201,24276.5
4000,30.0,3,201,20779.5
4000,30.0,3,201,24273.8
4000,30.0,3,201,24274.3
4000,30.0,3,201,20675.5
4000,30.0,3,201,24273.9
4000,30.0,3,201,20276.5
4000,30.0,3,201,16653.6
4000,30.0,3,201,16643.9
4000,30.0,3,201,16235.9
4000,30.0,3,201,16231.7
4000,30.0,3,201,16231.7
4000,30.0,3,201,16650.1
4000,30.0,3,201,16637.9
4000,30.0,3,201,21556.8
4000,30.0,3,201,21553.5
4000,30.0,3,201,21549.6
4000,30.0,3,201,21544.6
4000,30.0,3,201,21533.3
4000,30.0,3,201,17582.9
4000,30.0,3,201,21579.9
4000,30.0,3,201,17567.9
4000,30.0,3,201,17610.6
4000,30.0,3,201,17560.1
4000,30.0,3,201,17589.8
4000,30.0,3,201,17540.8
4000,30.0,3,201,21548.9
4000,30.0,3,201,21543.5
4000,30.0,3,201,21542.3
4000,30.0,3,201,21533.1
4000,30.0,3,201,17581.7
4000,30.0,3,201,17585.0
4000,30.0,3,201,17597.3
4000,30.0,3,201,17599.7
4000,30.0,3,201,17664.6
4000,30.0,3,201,21605.0
4000,30.0,3,201,17662.3
4000,30.0,3,201,21584.3
4000,30.0,3,201,21558.9
4000,30.0,3,201,21554.0
4000,30.0,3,201,21554.2
4000,30.0,3,201,17498.9
4000,30.0,3,201,17412.0
4000,30.0,3,201,17435.7
4000,30.0,3,201,17435.6
4000,30.0,3,201,17525.6
4000,30.0,3,201,17522.3
4000,30.0,3,201,21406.1
4000,30.0,3,201,21404.2
4000,30.0,3,201,21006.9
4000,30.0,3,201,21006.5
4000,30.0,3,201,20997.2
4000,30.0,3,201,20909.2
4000,30.0,3,201,17415.6
4000,30.0,3,201,17475.2
4000,30.0,3,201,17475.0
4000,30.0,3,201,20740.6
4000,30.0,3,201,21429.8
4000,30.0,3,201,20735.5
4000,30.0,3,201,21426.7
4000,30.0,3,201,21020.9
4000,30.0,3,201,21019.5
4000,30.0,3,201,21012.5
4000,30.0,3,201,21010.2
4000,30.0,3,201,16098.5
4000,30.0,3,201,16192.9
4000,30.0,3,201,16192.3
4000,30.0,3,201,19516.7
4000,30.0,3,201,20025.9
4000,30.0,3,201,20035.0
4000,30.0,3,201,20035.7
4000,30.0,3,201,20030.7
4000,30.0,3,201,20047.3
4000,30.0,3,201,20050.9
4000,30.0,3,201,20029.4
4000,30.0,3,201,16126.4
4000,30.0,3,201,16177.3
4000,30.0,3,201,19559.6
4000,30.0,3,201,20101.6
4000,30.0,3,201,20069.6
4000,30.0,3,201,20756.7
4000,30.0,3,201,20109.4
4000,30.0,3,201,20756.8
4000,30.0,3,201,20130.0
4000,30.0,3,201,20155.3
4000,30.0,3,201,20664.7
4000,30.0,3,201,16777.2
4000,30.0,3,201,19528.3
4000,30.0,3,201,20047.6
4000,30.0,3,201,20042.2
4000,30.0,3,201,20086.9
4000,30.0,3,201,20074.2
4000,30.0,3,201,20124.4
4000,30.0,3,201,20264.6
4000,30.0,3,201,20804.0
4000,30.0,3,201,20736.0
4000,30.0,3,201,20742.4
4000,30.0,3,201,19542.7
4000,30.0,3,201,20086.0
4000,30.0,3,201,20092.5
4000,30.0,3,201,20088.1
4000,30.0,3,201,20098.0
4000,30.0,3,201,20121.4
4000,30.0,3,201,20291.0
4000,30.0,3,201,20759.5
4000,30.0,3,201,20783.8
4000,30.0,3,201,17523.7
